25086,# doc = Rapunzel.2.txt,,,,,,,,,,,,,,,,
25087,# speaker = Ann,,,,,,,,,,,,,,,,
25088,# sent = 1776,,,,,,,,,,,,,,,,
25089,,Что,ЧТО,SPRO n inan nom sg,,,   _Что_ ты думаешь про,о,т,ч,,,,SPRO,ЧТО,S n - nom sg,О
25090,,ты,ТЫ,SPRO sg 2p - nom,,,  Что _ты_ думаешь про мультфильм,ы,т,,,,,SPRO,ТЫ,SPRO sg 2p - nom,Ы
25091,,думаешь,ДУМАТЬ,V ipf praes sg indic - 2p,,, Что ты _думаешь_ про мультфильм принцесса,ь,ш,е,а,м,у,V,ДУМАТЬ,V ipf praes sg indic - 2p,Ь
25092,,про,ПРО,PR,,,Что ты думаешь _про_ мультфильм принцесса Рапунцель,о,р,п,,,,PR,ПРО,PR,О
25093,,мультфильм,МУЛЬТФИЛЬМ,S m inan acc sg,,,ты думаешь про _мультфильм_ принцесса Рапунцель ?,м,ь,л,и,ф,т,S,МУЛЬТФИЛЬМ,S m inan acc sg,М
25094,,принцесса,ПРИНЦЕССА,S f anim nom sg,,,думаешь про мультфильм _принцесса_ Рапунцель ? ,а,с,с,е,ц,н,S,ПРИНЦЕССА,S f anim nom sg,А
25095,,Рапунцель,РАПУНЦЕЛЬ,S f anim nom sg persn,,,про мультфильм принцесса _Рапунцель_ ?  ,ь,л,е,ц,н,у,S,РАПУНЦЕЛЬ,S m inan acc sg,Ь
25096,,?,?,PUNCT,,,,,,,,,,PUNCT,,,
25097,,,,,,,,,,,,,,,,,
25098,# sent = 1777,,,,,,,,,,,,,,,,
25099,# speaker = Tody,,,,,,,,,,,,,,,,
25100,# sent = 1778,,,,,,,,,,,,,,,,
25101,,Принцесса,ПРИНЦЕССА,S f anim nom sg,,,   _Принцесса_ Рапунцель ? ,а,с,с,е,ц,н,S,ПРИНЦЕССА,S f anim nom sg,А
25102,,Рапунцель,РАПУНЦЕЛЬ,S f anim nom sg persn,,,  Принцесса _Рапунцель_ ?  ,ь,л,е,ц,н,у,S,РАПУНЦЕЛЬ,S m inan acc sg,Ь
25103,,?,?,PUNCT,,,,,,,,,,PUNCT,,,
25104,,,,,,,,,,,,,,,,,
25105,# sent = 1779,,,,,,,,,,,,,,,,
25106,# speaker = Ars,,,,,,,,,,,,,,,,
25107,# sent = 1780,,,,,,,,,,,,,,,,
25108,,Принцесса,ПРИНЦЕССА,S f anim nom sg,,,   _Принцесса_ Рапунцель ? ,а,с,с,е,ц,н,S,ПРИНЦЕССА,S f anim nom sg,А
25109,,Рапунцель,РАПУНЦЕЛЬ,S f anim nom sg persn,,,  Принцесса _Рапунцель_ ?  ,ь,л,е,ц,н,у,S,РАПУНЦЕЛЬ,S m inan acc sg,Ь
25110,,?,?,PUNCT,,,,,,,,,,PUNCT,,,
25111,,,,,,,,,,,,,,,,,
25112,# sent = 1781,,,,,,,,,,,,,,,,
25113,# speaker = Tody,,,,,,,,,,,,,,,,
25114,# sent = 1782,,,,,,,,,,,,,,,,
25115,,Да,ДА,PART,,,   _Да_ .  ,а,д,,,,,PART,ДА,PART,А
25116,,.,.,PUNCT,,,,,,,,,,PUNCT,,,
25117,,,,,,,,,,,,,,,,,
25118,# sent = 1783,,,,,,,,,,,,,,,,
25119,# speaker = Ars,,,,,,,,,,,,,,,,
25120,# sent = 1784,,,,,,,,,,,,,,,,
25121,,Я,Я,SPRO sg 1p - nom,,,   _Я_ – главная героиня,я,,,,,,SPRO,Я,SPRO sg 1p - nom,Я
25122,,–,–,PUNCT,,,,,,,,,,PUNCT,,,
25123,,главная,ГЛАВНЫЙ,A - nom sg plen f -,,, Я – _главная_ героиня этого мультфильма,я,а,н,в,а,л,A,ГЛАВНЫЙ,A - nom sg plen f -,Й
25124,,героиня,ГЕРОИНЯ,S f anim nom sg,,,Я – главная _героиня_ этого мультфильма .,я,н,и,о,р,е,S,ГЕРОИНЯ,S f anim nom sg,Я
25125,,этого,ЭТОТ,APRO - gen sg plen m -,,,– главная героиня _этого_ мультфильма . ,о,г,о,т,э,,APRO,ЭТОТ,A - acc sg plen m anim,Т
25126,,мультфильма,МУЛЬТФИЛЬМ,S m inan gen sg,,,главная героиня этого _мультфильма_ .  ,а,м,ь,л,и,ф,S,МУЛЬТФИЛЬМ,S m inan gen sg,М
25127,,.,.,PUNCT,,,,,,,,,,PUNCT,,,
25128,,,,,,,,,,,,,,,,,
25129,# sent = 1785,,,,,,,,,,,,,,,,
25130,# speaker = Tody,,,,,,,,,,,,,,,,
25131,# sent = 1786,,,,,,,,,,,,,,,,
25132,,Сеня,АРСЕНИЙ,S m anim nom sg persn,,,   _Сеня_ сразу начинает ассоциировать,я,н,е,с,,,S,СЕНЯ,S m anim nom sg,Й
25133,,сразу,СРАЗУ,ADV -,,,  Сеня _сразу_ начинает ассоциировать себя,у,з,а,р,с,,ADV,СРАЗУ,ADV -,У
25134,,начинает,НАЧИНАТЬ,V ipf praes sg indic - 3p,,, Сеня сразу _начинает_ ассоциировать себя с,т,е,а,н,и,ч,V,НАЧИНАТЬ,V ipf praes sg indic - 3p,Ь
25135,,ассоциировать,АССОЦИИРОВАТЬ,V ipf - - inf - -,,,Сеня сразу начинает _ассоциировать_ себя с кем-то,ь,т,а,в,о,р,V,АССОЦИИРОВАТЬ,V ipf - - inf - -,Ь
25136,,себя,СЕБЯ,SPRO - - - acc,,,сразу начинает ассоциировать _себя_ с кем-то .,я,б,е,с,,,SPRO,СЕБЯ,SPRO - - - acc,Я
25137,,с,С,PR,,,начинает ассоциировать себя _с_ кем-то . ,с,,,,,,PR,С,PR,С
25138,,кем-то,КТО-ТО,SPRO m - ins sg,,,ассоциировать себя с _кем-то_ .  ,о,т,-,м,е,к,S,КТО-ТО,S m - ins sg,О
25139,,.,.,PUNCT,,,,,,,,,,PUNCT,,,
25140,,,,,,,,,,,,,,,,,
25141,# sent = 1787,,,,,,,,,,,,,,,,
25142,# speaker = Ars,,,,,,,,,,,,,,,,
25143,# sent = 1788,,,,,,,,,,,,,,,,
25144,,Да,ДА,PART,,,   _Да_ .  ,а,д,,,,,PART,ДА,PART,А
25145,,.,.,PUNCT,,,,,,,,,,PUNCT,,,
25146,,,,,,,,,,,,,,,,,
25147,# sent = 1789,,,,,,,,,,,,,,,,
25148,"<span class=""note"">",,,,,,,,,,,,,,,,
25149,<note>,Говорят одновременно,,,,,,,,,,,,,,,
25150,</span>,,,,,,,,,,,,,,,,
25151,,,,,,,,,,,,,,,,,
25152,# sent = 1790,,,,,,,,,,,,,,,,
25153,# speaker = Tody,,,,,,,,,,,,,,,,
25154,# sent = 1791,,,,,,,,,,,,,,,,
25155,,Это,ЭТО,SPRO n - nom sg,,,   _Это_ говорит о завышенном,о,т,э,,,,SPRO,ЭТО,S n - nom sg,О
25156,,говорит,ГОВОРИТЬ,V ipf praes sg indic - 3p,,,  Это _говорит_ о завышенном эго,т,и,р,о,в,о,V,ГОВОРИТЬ,V ipf praes sg indic - 3p,Ь
25157,,о,О,PR,,, Это говорит _о_ завышенном эго .,о,,,,,,PR,О,PR,О
25158,,завышенном,ЗАВЫШЕННЫЕ,A loc sg plen n,,,Это говорит о _завышенном_ эго . ,м,о,н,н,е,ш,PARTCP,ЗАВЫСИТЬ,PARTCP pf praet loc sg plen m pass -,Е
25159,,эго,ЭГО,S n inan loc sg,,,говорит о завышенном _эго_ .  ,о,г,э,,,,S,ЭГО,S n inan nonflex -,О
25160,,.,.,PUNCT,,,,,,,,,,PUNCT,,,
25161,,,,,,,,,,,,,,,,,
25162,# sent = 1792,,,,,,,,,,,,,,,,
25163,# speaker = Ars,,,,,,,,,,,,,,,,
25164,# sent = 1793,,,,,,,,,,,,,,,,
25165,<noindex>[нрзб]</noindex>,,,,,,,,,,,,,,,,
25166,,,,,,,,,,,,,,,,,
25167,# sent = 1794,,,,,,,,,,,,,,,,
25168,# speaker = Tody,,,,,,,,,,,,,,,,
25169,# sent = 1795,,,,,,,,,,,,,,,,
25170,"<span class=""note"">",,,,,,,,,,,,,,,,
25171,<note>,смеется,,,,,,,,,,,,,,,
25172,</span>,,,,,,,,,,,,,,,,
25173,,,,,,,,,,,,,,,,,
25174,# sent = 1796,,,,,,,,,,,,,,,,
25175,# speaker = Tode,,,,,,,,,,,,,,,,
25176,# sent = 1797,,,,,,,,,,,,,,,,
25177,,Я,Я,SPRO sg 1p - nom,,,"   _Я_ думаю , что",я,,,,,,SPRO,Я,SPRO sg 1p - nom,Я
25178,,думаю,ДУМАТЬ,V ipf praes sg indic - 1p,,,"  Я _думаю_ , что рапунцель",ю,а,м,у,д,,V,ДУМАТЬ,V ipf praes sg indic - 1p,Ь
25179,,",",",",PUNCT,,,,,,,,,,PUNCT,,,
25180,,что,ЧТО,CONJ,,,"Я думаю , _что_ рапунцель это ..",о,т,ч,,,,CONJ,ЧТО,CONJ,О
25181,,рапунцель,РАПУНЦЕЛЬ,S f anim nom sg persn,,,"думаю , что _рапунцель_ это .. ммм",ь,л,е,ц,н,у,S,РАПУНЦЕЛЬ,S m inan acc sg,Ь
25182,,это,ЭТО,PART,,,", что рапунцель _это_ .. ммм ..",о,т,э,,,,PART,ЭТО,PART,О
25183,,..,..,PUNCT,,,,,,,,,,PUNCT,,,
25184,,ммм,МММ,INTJ,,,рапунцель это .. _ммм_ .. такая современная,м,м,м,,,,INTJ,МММ.,INTJ,М
25185,,..,..,PUNCT,,,,,,,,,,PUNCT,,,
25186,,такая,ТАКОЙ,APRO - nom sg plen f -,,,.. ммм .. _такая_ современная .. ,я,а,к,а,т,,APRO,ТАКОЙ,A - nom sg plen f -,Й
25187,,современная,СОВРЕМЕННЫЙ,A - nom sg plen f -,,,ммм .. такая _современная_ ..  ,я,а,н,н,е,м,A,СОВРЕМЕННЫЙ,A - nom sg plen f -,Й
25188,,..,..,PUNCT,,,,,,,,,,PUNCT,,,
25189,,,,,,,,,,,,,,,,,
25190,# sent = 1798,,,,,,,,,,,,,,,,
25191,# speaker = Ars,,,,,,,,,,,,,,,,
25192,# sent = 1799,,,,,,,,,,,,,,,,
25193,,Завышенное,ЗАВЫШЕННОЕ,A loc sg plen n,,,   _Завышенное_ эго  ,е,о,н,н,е,ш,PARTCP,ЗАВЫСИТЬ,PARTCP pf praet acc sg plen n pass -,Е
25194,,эго,ЭГО,S n inan num sg,,,  Завышенное _эго_   ,о,г,э,,,,INTJ,ЭГО,S n inan nonflex -,О
25195,,,,,,,,,,,,,,,,,
25196,# sent = 1800,,,,,,,,,,,,,,,,
25197,"<span class=""note"">",,,,,,,,,,,,,,,,
25198,<note>,Говорят одновременно,,,,,,,,,,,,,,,
25199,</span>,,,,,,,,,,,,,,,,
25200,,,,,,,,,,,,,,,,,
25201,# sent = 1801,,,,,,,,,,,,,,,,
25202,# speaker = Tody,,,,,,,,,,,,,,,,
25203,# sent = 1802,,,,,,,,,,,,,,,,
25204,,Нет,НЕТ,PART,,,"   _Нет_ , это я",т,е,н,,,,PART,НЕТ,PART,Т
25205,,",",",",PUNCT,,,,,,,,,,PUNCT,,,
25206,,это,ЭТО,SPRO n - nom sg,,," Нет , _это_ я сказала про",о,т,э,,,,SPRO,ЭТО,S n - nom sg,О
25207,,я,Я,SPRO sg 1p - nom,,,"Нет , это _я_ сказала про твою",я,,,,,,SPRO,Я,SPRO sg 1p - nom,Я
25208,,сказала,СКАЗАТЬ,V pf praet sg indic f -,,,", это я _сказала_ про твою интерпретацию",а,л,а,з,а,к,V,СКАЗАТЬ,V pf praet sg indic f -,Ь
25209,,про,ПРО,PR,,,это я сказала _про_ твою интерпретацию .,о,р,п,,,,PR,ПРО,PR,О
25210,,твою,ТВОЙ,APRO - acc sg plen f -,,,я сказала про _твою_ интерпретацию . ,ю,о,в,т,,,APRO,ТВОЙ,A - acc sg plen f -,Й
25211,,интерпретацию,ИНТЕРПРЕТАЦИЯ,S f inan acc sg,,,сказала про твою _интерпретацию_ .  ,ю,и,ц,а,т,е,S,ИНТЕРПРЕТАЦИЯ,S f inan acc sg,Я
25212,,.,.,PUNCT,,,,,,,,,,PUNCT,,,
25213,,,,,,,,,,,,,,,,,
25214,# sent = 1803,,,,,,,,,,,,,,,,
25215,# speaker = Ars,,,,,,,,,,,,,,,,
25216,# sent = 1804,,,,,,,,,,,,,,,,
25217,,Хорошо,ХОРОШО,ADV,,,   _Хорошо_   ,о,ш,о,р,о,х,PART,ХОРОШО,PART,О
25218,,,,,,,,,,,,,,,,,
25219,# sent = 1805,,,,,,,,,,,,,,,,
25220,# speaker = Tody,,,,,,,,,,,,,,,,
25221,# sent = 1806,,,,,,,,,,,,,,,,
25222,,Это,ЭТО,SPRO n - nom sg,,,   _Это_ современная эээ ..,о,т,э,,,,SPRO,ЭТО,S n - nom sg,О
25223,,современная,СОВРЕМЕННЫЙ,A - nom sg plen f -,,,  Это _современная_ эээ .. сов,я,а,н,н,е,м,A,СОВРЕМЕННЫЙ,A - nom sg plen f -,Й
25224,,эээ,ЭЭЭ,NONLEX,,, Это современная _эээ_ .. сов ..,э,э,э,,,,NONLEX,ЭЭЭ,NONLEX,Э
25225,,..,..,PUNCT,,,,,,,,,,PUNCT,,,
25226,,сов,СОВ,NONLEX,слитно,,современная эээ .. _сов_ .. современная интерпретация,в,о,с,,,,S,СОВА,S f anim acc pl,В
25227,,..,..,PUNCT,,,,,,,,,,PUNCT,,,
25228,,современная,СОВРЕМЕННЫЙ,A - nom sg plen f -,,,.. сов .. _современная_ интерпретация такой ста,я,а,н,н,е,м,A,СОВРЕМЕННЫЙ,A - nom sg plen f -,Й
25229,,интерпретация,ИНТЕРПРЕТАЦИЯ,S f inan nom sg,,,сов .. современная _интерпретация_ такой ста ..,я,и,ц,а,т,е,S,ИНТЕРПРЕТАЦИЯ,S f inan nom sg,Я
25230,,такой,ТАКОЙ,APRO - gen sg plen f -,,,.. современная интерпретация _такой_ ста .. старинной,й,о,к,а,т,,APRO,ТАКОЙ,A - gen sg plen f -,Й
25231,,ста,СТА,NONLEX,слитно,,современная интерпретация такой _ста_ .. старинной истории,а,т,с,,,,NONLEX,СТО,NONLEX,А
25232,,..,..,PUNCT,,,,,,,,,,PUNCT,,,
25233,,старинной,СТАРИННЫЙ,A - gen sg plen f -,,,такой ста .. _старинной_ истории . ,й,о,н,н,и,р,A,СТАРИННЫЙ,A - gen sg plen f -,Й
25234,,истории,ИСТОРИЯ,S f inan gen sg,,,ста .. старинной _истории_ .  ,и,и,р,о,т,с,S,ИСТОРИЯ,S f inan gen sg,Я
25235,,.,.,PUNCT,,,,,,,,,,PUNCT,,,
25236,,,,,,,,,,,,,,,,,
25237,# sent = 1807,,,,,,,,,,,,,,,,
25238,,Если,ЕСЛИ,CONJ,,,.   _Если_ раньше был такой,и,л,с,е,,,CONJ,ЕСЛИ,CONJ,И
25239,,раньше,РАНО,ADV comp,,,  Если _раньше_ был такой ..,е,ш,ь,н,а,р,ADV,РАНО,ADV comp,О
25240,,был,БЫТЬ,V ipf praet sg indic m -,,, Если раньше _был_ такой .. такое,л,ы,б,,,,V,БЫТЬ,V ipf praet sg indic m -,Ь
25241,,такой,ТАКОЙ,APRO - loc sg plen f -,,,Если раньше был _такой_ .. такое понимание,й,о,к,а,т,,APRO,ТАКОЙ,A - loc sg plen f -,Й
25242,,..,..,PUNCT,,,,,,,,,,PUNCT,,,
25243,,такое,ТАКОЙ,APRO - nom sg plen n -,,,был такой .. _такое_ понимание о принцессе,е,о,к,а,т,,APRO,ТАКОЙ,A - nom sg plen n -,Й
25244,,понимание,ПОНИМАНИЕ,S n inan nom sg,,,"такой .. такое _понимание_ о принцессе ,",е,и,н,а,м,и,S,ПОНИМАНИЕ,S n inan nom sg,Е
25245,,о,О,PR,,,".. такое понимание _о_ принцессе , как",о,,,,,,PR,О,PR,О
25246,,принцессе,ПРИНЦЕССА,S f anim loc sg,,,"такое понимание о _принцессе_ , как о",е,с,с,е,ц,н,S,ПРИНЦЕССА,S f anim loc sg,А
25247,,",",",",PUNCT,,,,,,,,,,PUNCT,,,
25248,,как,КАК,CONJ,,,"о принцессе , _как_ о беззащитной девчонке",к,а,к,,,,CONJ,КАК,CONJ,К
25249,,о,О,PR,,,"принцессе , как _о_ беззащитной девчонке ,",о,,,,,,PR,О,PR,О
25250,,беззащитной,БЕЗЗАЩИТНЫЙ,A - loc sg plen f -,,,", как о _беззащитной_ девчонке , которую",й,о,н,т,и,щ,A,БЕЗЗАЩИТНЫЙ,A - dat sg plen f -,Й
25251,,девчонке,ДЕВЧОНКА,S f anim loc sg,,,"как о беззащитной _девчонке_ , которую нужно",е,к,н,о,ч,в,S,ДЕВЧОНКА,S f anim dat sg,А
25252,,",",",",PUNCT,,,,,,,,,,PUNCT,,,
25253,,которую,КОТОРЫЙ,APRO - acc sg plen f -,,,"беззащитной девчонке , _которую_ нужно спасти от",ю,у,р,о,т,о,APRO,КОТОРЫЙ,A - acc sg plen f -,Й
25254,,нужно,НУЖНО,PRAEDIC,,,"девчонке , которую _нужно_ спасти от дракона",о,н,ж,у,н,,PRAEDIC,НУЖНО,ADV -,О
25255,,спасти,СПАСТИ,V pf - - inf - -,,,", которую нужно _спасти_ от дракона ,",и,т,с,а,п,с,V,СПАСТИ,V pf - - inf - -,И
25256,,от,ОТ,PR,,,"которую нужно спасти _от_ дракона , и",т,о,,,,,PR,ОТ,PR,Т
25257,,дракона,ДРАКОН,S m anim gen sg,,,"нужно спасти от _дракона_ , и она",а,н,о,к,а,р,S,ДРАКОН,S m anim acc sg,Н
25258,,",",",",PUNCT,,,,,,,,,,PUNCT,,,
25259,,и,И,CONJ,,,"от дракона , _и_ она делает только",и,,,,,,CONJ,И,CONJ,И
25260,,она,ОНА,SPRO sg 3p f nom,,,"дракона , и _она_ делает только то",а,н,о,,,,SPRO,ОНА,SPRO sg 3p f nom,А
25261,,делает,ДЕЛАТЬ,V ipf praes sg indic - 3p,,,", и она _делает_ только то ,",т,е,а,л,е,д,V,ДЕЛАТЬ,V ipf praes sg indic - 3p,Ь
25262,,только,ТОЛЬКО,PART,,,"и она делает _только_ то , что",о,к,ь,л,о,т,PART,ТОЛЬКО,PART,О
25263,,то,ТО,SPRO n - nom sg,,,"она делает только _то_ , что является",о,т,,,,,SPRO,ТО,S n - nom sg,О
25264,,",",",",PUNCT,,,,,,,,,,PUNCT,,,
25265,,что,ЧТО,CONJ,,,"только то , _что_ является красивой ,",о,т,ч,,,,CONJ,ЧТО,CONJ,О
25266,,является,ЯВЛЯТЬСЯ,V ipf praes sg indic - 3p,,,"то , что _является_ красивой , то",я,с,т,е,я,л,V,ЯВЛЯТЬСЯ,V ipf praes sg indic - 3p,Я
25267,,красивой,КРАСИВЫЙ,A - ins sg plen f -,,,", что является _красивой_ , то тут",й,о,в,и,с,а,A,КРАСИВЫЙ,A - ins sg plen f -,Й
25268,,",",",",PUNCT,,,,,,,,,,PUNCT,,,
25269,,то,ТО,CONJ,,,"является красивой , _то_ тут у нас",о,т,,,,,CONJ,ТО,CONJ,О
25270,,тут,ТУТ,ADV -,,,"красивой , то _тут_ у нас такая",т,у,т,,,,ADV,ТУТ,ADV -,Т
25271,,у,У,PR,,,", то тут _у_ нас такая ..",у,,,,,,PR,У,PR,У
25272,,нас,МЫ,SPRO pl 1p - loc,,,то тут у _нас_ такая .. такое,с,а,н,,,,SPRO,МЫ,SPRO pl 1p - loc,Ы
25273,,такая,ТАКОЙ,APRO - nom sg plen f -,,,тут у нас _такая_ .. такое смещение,я,а,к,а,т,,APRO,ТАКОЙ,A - nom sg plen f -,Й
25274,,..,..,PUNCT,,,,,,,,,,PUNCT,,,
25275,,такое,ТАКОЙ,APRO - nom sg plen n -,,,"нас такая .. _такое_ смещение принципов ,",е,о,к,а,т,,APRO,ТАКОЙ,A - nom sg plen n -,Й
25276,,смещение,СМЕЩЕНИЕ,S n inan nom sg,,,"такая .. такое _смещение_ принципов , из-за",е,и,н,е,щ,е,S,СМЕЩЕНИЕ,S n inan nom sg,Е
25277,,принципов,ПРИНЦИП,S m inan gen pl,11,,".. такое смещение _принципов_ , из-за того",в,о,п,и,ц,н,S,ПРИНЦИП,S m inan gen pl,П
25278,,",",",",PUNCT,,,,,,,,,,PUNCT,,,
25279,,из-за,ИЗ-ЗА,PR,,,"смещение принципов , _из-за_ того , что",а,з,-,з,и,,PR,ИЗ-ЗА,PR,А
25280,,того,ТО,SPRO n - gen sg,,,"принципов , из-за _того_ , что сейчас",о,г,о,т,,,SPRO,ТО,S n - gen sg,О
25281,,",",",",PUNCT,,,,,,,,,,PUNCT,,,
25282,,что,ЧТО,CONJ,,,"из-за того , _что_ сейчас у нас",о,т,ч,,,,CONJ,ЧТО,CONJ,О
25283,,сейчас,СЕЙЧАС,ADV -,,,"того , что _сейчас_ у нас очень",с,а,ч,й,е,с,ADV,СЕЙЧАС,ADV -,С
25284,,у,У,PR,,,", что сейчас _у_ нас очень много",у,,,,,,PR,У,PR,У
25285,,нас,МЫ,SPRO pl 1p - gen,,,что сейчас у _нас_ очень много идет,с,а,н,,,,SPRO,МЫ,SPRO pl 1p - loc,Ы
25286,,очень,ОЧЕНЬ,ADV -,,,сейчас у нас _очень_ много идет разговоров,ь,н,е,ч,о,,ADV,ОЧЕНЬ,ADV -,Ь
25287,,много,МНОГО,ADV -,,,у нас очень _много_ идет разговоров о,о,г,о,н,м,,ADV,МНОГО,ADV -,О
25288,,идет,ИДТИ,V ipf praes sg indic - 3p,,,нас очень много _идет_ разговоров о феминизме,т,е,д,и,,,V,ИДТИ,V ipf praes sg indic - 3p,И
25289,,разговоров,РАЗГОВОР,S m inan gen pl,,,"очень много идет _разговоров_ о феминизме ,",в,о,р,о,в,о,S,РАЗГОВОР,S m inan gen pl,Р
25290,,о,О,PR,,,"много идет разговоров _о_ феминизме , о",о,,,,,,PR,О,PR,О
25291,,феминизме,ФЕМИНИЗМ,S m inan loc sg,,,"идет разговоров о _феминизме_ , о том",е,м,з,и,н,и,S,ФЕМИНИЗМ,S m inan loc sg,М
25292,,",",",",PUNCT,,,,,,,,,,PUNCT,,,
25293,,о,О,PR,,,"о феминизме , _о_ том , что",о,,,,,,PR,О,PR,О
25294,,том,ТО,SPRO n - loc sg,,,"феминизме , о _том_ , что женщины",м,о,т,,,,SPRO,ТО,S n - loc sg,О
25295,,",",",",PUNCT,,,,,,,,,,PUNCT,,,
25296,,что,ЧТО,CONJ,,,"о том , _что_ женщины тоже клевые",о,т,ч,,,,CONJ,ЧТО,CONJ,О
25297,,женщины,ЖЕНЩИНА,S f anim nom pl,,,"том , что _женщины_ тоже клевые ,",ы,н,и,щ,н,е,S,ЖЕНЩИНА,S f anim nom pl,А
25298,,тоже,ТОЖЕ,PART,,,", что женщины _тоже_ клевые , и",е,ж,о,т,,,PART,ТОЖЕ,PART,Е
25299,,клевые,КЛЕВЫЙ,A - nom sg plen m -,,,"что женщины тоже _клевые_ , и она",е,ы,в,е,л,к,A,КЛЕВЫЙ,A - nom sg plen m -,Й
25300,,",",",",PUNCT,,,,,,,,,,PUNCT,,,
25301,,и,И,CONJ,,,"тоже клевые , _и_ она уже там",и,,,,,,CONJ,И,CONJ,И
25302,,она,ОНА,SPRO sg 3p f nom,,,"клевые , и _она_ уже там сама",а,н,о,,,,SPRO,ОНА,SPRO sg 3p f nom,А
25303,,уже,УЖЕ,ADV -,,,", и она _уже_ там сама типа",е,ж,у,,,,ADV,УЖЕ,ADV -,Е
25304,,там,ТАМ,ADV -,,,и она уже _там_ сама типа все,м,а,т,,,,ADV,ТАМ,ADV -,М
25305,,сама,САМ,A - nom sg plen f -,,,она уже там _сама_ типа все совершает,а,м,а,с,,,A,САМ,A - nom sg plen f -,М
25306,,типа,ТИПА,PART,,,уже там сама _типа_ все совершает .,а,п,и,т,,,PART,ТИПА,PART,А
25307,,все,ВСЕ,S - - acc pl,,,там сама типа _все_ совершает . ,е,с,в,,,,S,ВСЕ,S - - acc pl,Е
25308,,совершает,СОВЕРШАТЬ,V ipf praes sg indic - 3p,,,сама типа все _совершает_ .  ,т,е,а,ш,р,е,V,СОВЕРШАТЬ,V ipf praes sg indic - 3p,Ь
25309,,.,.,PUNCT,,,,,,,,,,PUNCT,,,
25310,,,,,,,,,,,,,,,,,
25311,# sent = 1808,,,,,,,,,,,,,,,,
25312,,У,У,PR,,,.   _У_ нее есть мечта,у,,,,,,PR,У,PR,У
25313,,нее,ОНА,SPRO sg 3p f gen,,,  У _нее_ есть мечта .,е,е,н,,,,SPRO,ОНА,SPRO sg 3p f acc,А
25314,,есть,БЫТЬ,V ipf praes sg indic - 3p,,, У нее _есть_ мечта . ,ь,т,с,е,,,V,БЫТЬ,V ipf praes sg indic - 3p,Ь
25315,,мечта,МЕЧТА,S f inan nom sg,,,У нее есть _мечта_ .  поет,а,т,ч,е,м,,S,МЕЧТА,S f inan nom sg,А
25316,,.,.,PUNCT,,,,,,,,,,PUNCT,,,
25317,"<span class=""note"">",,,,,,,,,,,,,,,,
25318,<note>,поет,,,,,,,,,,,,,,,
25319,</span>,,,,,,,,,,,,,,,,
25320,,Ведь,ВЕДЬ,PART,,, поет  _Ведь_ в глубине мечты,ь,д,е,в,,,PART,ВЕДЬ,PART,Ь
25321,,в,В,PR,,,поет  Ведь _в_ глубине мечты живет,в,,,,,,PR,В,PR,В
25322,,глубине,ГЛУБИНА,S f inan loc sg,,, Ведь в _глубине_ мечты живет мечта,е,н,и,б,у,л,S,ГЛУБИНА,S f inan loc sg,А
25323,,мечты,МЕЧТА,S f inan gen sg,,,Ведь в глубине _мечты_ живет мечта .,ы,т,ч,е,м,,S,МЕЧТА,S f inan gen sg,А
25324,,живет,ЖИТЬ,V ipf praes sg indic - 3p,,,в глубине мечты _живет_ мечта . ,т,е,в,и,ж,,V,ЖИТЬ,V ipf praes sg indic - 3p,Ь
25325,,мечта,МЕЧТА,S f inan nom sg,,,глубине мечты живет _мечта_ .  ,а,т,ч,е,м,,S,МЕЧТА,S f inan nom sg,А
25326,,.,.,PUNCT,,,,,,,,,,PUNCT,,,
25327,,,,,,,,,,,,,,,,,
25328,# sent = 1809,,,,,,,,,,,,,,,,
25329,,Помнишь,ПОМНИТЬ,V ipf praes sg indic - 2p,,,.   _Помнишь_ эту песню ?,ь,ш,и,н,м,о,V,ПОМНИТЬ,V ipf praes sg indic - 2p,Ь
25330,,эту,ЭТОТ,APRO - acc sg plen f -,,,  Помнишь _эту_ песню ? ,у,т,э,,,,APRO,ЭТОТ,A - acc sg plen f -,Т
25331,,песню,ПЕСНЯ,S f inan acc sg,,, Помнишь эту _песню_ ?  ,ю,н,с,е,п,,S,ПЕСНЯ,S f inan acc sg,Я
25332,,?,?,PUNCT,,,,,,,,,,PUNCT,,,
25333,,,,,,,,,,,,,,,,,
25334,# sent = 1810,,,,,,,,,,,,,,,,
25335,# speaker = Ars,,,,,,,,,,,,,,,,
25336,# sent = 1811,,,,,,,,,,,,,,,,
25337,,Да,ДА,CONJ,,,"   _Да_ , я помню",а,д,,,,,CONJ,ДА,CONJ,А
25338,,",",",",PUNCT,,,,,,,,,,PUNCT,,,
25339,,я,Я,SPRO sg 1p - nom,,," Да , _я_ помню . ",я,,,,,,SPRO,Я,SPRO sg 1p - nom,Я
25340,,помню,ПОМНИТЬ,V ipf praes sg indic - 1p,,,"Да , я _помню_ .  ",ю,н,м,о,п,,V,ПОМНИТЬ,V ipf praes sg indic - 1p,Ь
25341,,.,.,PUNCT,,,,,,,,,,PUNCT,,,
25342,,,,,,,,,,,,,,,,,
25343,# sent = 1812,,,,,,,,,,,,,,,,
25344,# speaker = Tody,,,,,,,,,,,,,,,,
25345,# sent = 1813,,,,,,,,,,,,,,,,
25346,,Живет,ЖИТЬ,V ipf praes sg indic - 3p,,,   _Живет_ мечта  ,т,е,в,и,ж,,V,ЖИТЬ,V ipf praes sg indic - 3p,Ь
25347,,мечта,МЕЧТА,S f inan nom sg,,,  Живет _мечта_   ,а,т,ч,е,м,,S,МЕЧТА,S f inan nom sg,А
25348,,,,,,,,,,,,,,,,,
25349,# sent = 1814,,,,,,,,,,,,,,,,
25350,# speaker = Ars,,,,,,,,,,,,,,,,
25351,# sent = 1815,,,,,,,,,,,,,,,,
25352,,Да,ДА,CONJ,,,   _Да_   ,а,д,,,,,CONJ,ДА,CONJ,А
25353,,,,,,,,,,,,,,,,,
25354,# sent = 1816,,,,,,,,,,,,,,,,
25355,# speaker = Tody,,,,,,,,,,,,,,,,
25356,# sent = 1817,,,,,,,,,,,,,,,,
25357,,Живет,ЖИТЬ,V ipf praes sg indic - 3p,,,   _Живет_ мечта . ,т,е,в,и,ж,,V,ЖИТЬ,V ipf praes sg indic - 3p,Ь
25358,,мечта,МЕЧТА,S f inan nom sg,,,  Живет _мечта_ .  ,а,т,ч,е,м,,S,МЕЧТА,S f inan nom sg,А
25359,,.,.,PUNCT,,,,,,,,,,PUNCT,,,
25360,,,,,,,,,,,,,,,,,
25361,# sent = 1818,,,,,,,,,,,,,,,,
25362,,И,И,INTJ,,,".   _И_ , типо ,",и,,,,,,INTJ,И,INTJ,И
25363,,",",",",PUNCT,,,,,,,,,,PUNCT,,,
25364,,типо,ТИПО,PART,,," И , _типо_ , вот у",о,п,и,т,,,PART,ТИПО,PART,О
25365,,",",",",PUNCT,,,,,,,,,,PUNCT,,,
25366,,вот,ВОТ,PART,,,", типо , _вот_ у нее есть",т,о,в,,,,PART,ВОТ,PART,Т
25367,,у,У,PR,,,"типо , вот _у_ нее есть мечта",у,,,,,,PR,У,PR,У
25368,,нее,ОНА,SPRO sg 3p f gen,,,", вот у _нее_ есть мечта ,",е,е,н,,,,SPRO,ОНА,SPRO sg 3p f acc,А
25369,,есть,БЫТЬ,V ipf praes sg indic - 3p,,,"вот у нее _есть_ мечта , и",ь,т,с,е,,,V,БЫТЬ,V ipf praes sg indic - 3p,Ь
25370,,мечта,МЕЧТА,S f inan nom sg,,,"у нее есть _мечта_ , и она",а,т,ч,е,м,,S,МЕЧТА,S f inan nom sg,А
25371,,",",",",PUNCT,,,,,,,,,,PUNCT,,,
25372,,и,И,CONJ,,,"есть мечта , _и_ она сама к",и,,,,,,CONJ,И,CONJ,И
25373,,она,ОНА,SPRO sg 3p f nom,,,"мечта , и _она_ сама к ней",а,н,о,,,,SPRO,ОНА,SPRO sg 3p f nom,А
25374,,сама,САМ,A - nom sg plen f -,,,", и она _сама_ к ней идет",а,м,а,с,,,A,САМ,A - nom sg plen f -,М
25375,,к,К,PR,,,и она сама _к_ ней идет .,к,,,,,,PR,К,PR,К
25376,,ней,ОНА,SPRO sg 3p f dat,,,она сама к _ней_ идет . ,й,е,н,,,,SPRO,ОНА,SPRO sg 3p f loc,А
25377,,идет,ИДТИ,V ipf praes sg indic - 3p,,,сама к ней _идет_ .  ,т,е,д,и,,,V,ИДТИ,V ipf praes sg indic - 3p,И
25378,,.,.,PUNCT,,,,,,,,,,PUNCT,,,
25379,,,,,,,,,,,,,,,,,
25380,# sent = 1819,,,,,,,,,,,,,,,,
25381,,И,И,CONJ,,,".   _И_ этот рыцарь ,",и,,,,,,CONJ,И,CONJ,И
25382,,этот,ЭТОТ,APRO - nom sg plen m -,,,"  И _этот_ рыцарь , он",т,о,т,э,,,APRO,ЭТОТ,A - nom sg plen m -,Т
25383,,рыцарь,РЫЦАРЬ,S m anim nom sg,,," И этот _рыцарь_ , он ее",ь,р,а,ц,ы,р,S,РЫЦАРЬ,S m anim nom sg,Ь
25384,,",",",",PUNCT,,,,,,,,,,PUNCT,,,
25385,,он,ОН,SPRO sg 3p m nom,,,"этот рыцарь , _он_ ее не спасает",н,о,,,,,SPRO,ОН,SPRO sg 3p m nom,Н
25386,,ее,ОНА,SPRO sg 3p f acc,,,"рыцарь , он _ее_ не спасает ,",е,е,,,,,SPRO,ОНА,SPRO sg 3p f acc,А
25387,,не,НЕ,PART,,,", он ее _не_ спасает , он",е,н,,,,,PART,НЕ,PART,Е
25388,,спасает,СПАСАТЬ,V ipf praes sg indic - 3p,,,"он ее не _спасает_ , он ..",т,е,а,с,а,п,V,СПАСАТЬ,V ipf praes sg indic - 3p,Ь
25389,,",",",",PUNCT,,,,,,,,,,PUNCT,,,
25390,,он,ОН,SPRO sg 3p m nom,,,"не спасает , _он_ .. уже становиться",н,о,,,,,SPRO,ОН,SPRO sg 3p m nom,Н
25391,,..,..,PUNCT,,,,,,,,,,PUNCT,,,
25392,,уже,УЖЕ,ADV -,,,", он .. _уже_ становиться вопрос :",е,ж,у,,,,ADV,УЖЕ,ADV -,Е
25393,,становиться,СТАНОВИТЬСЯ,V ipf - - inf - -,,,он .. уже _становиться_ вопрос : «,я,с,ь,т,и,в,V,СТАНОВИТЬСЯ,V ipf - - inf - -,Я
25394,,вопрос,ВОПРОС,S m inan acc sg,,,.. уже становиться _вопрос_ : « Кто,с,о,р,п,о,в,S,ВОПРОС,S m inan acc sg,С
25395,,:,:,PUNCT,,,,,,,,,,PUNCT,,,
25396,,«,«,PUNCT,,,,,,,,,,PUNCT,,,
25397,,Кто,КТО,SPRO m - nom sg,,,вопрос : « _Кто_ такой персонаж хороший,о,т,к,,,,S,КТО,S m - nom sg,О
25398,,такой,ТАКОЙ,APRO - nom sg plen m -,,,": « Кто _такой_ персонаж хороший ,",й,о,к,а,т,,APRO,ТАКОЙ,A - nom sg plen m -,Й
25399,,персонаж,ПЕРСОНАЖ,S m anim nom sg,,,"« Кто такой _персонаж_ хороший , а",ж,а,н,о,с,р,S,ПЕРСОНАЖ,S m anim nom sg,Ж
25400,,хороший,ХОРОШИЙ,A - nom sg plen m -,,,"Кто такой персонаж _хороший_ , а кто",й,и,ш,о,р,о,A,ХОРОШИЙ,A - nom sg plen m -,Й
25401,,",",",",PUNCT,,,,,,,,,,PUNCT,,,
25402,,а,А,CONJ,,,"персонаж хороший , _а_ кто плохой ?",а,,,,,,CONJ,А,CONJ,А
25403,,кто,КТО,SPRO m - nom sg,,,"хороший , а _кто_ плохой ? »",о,т,к,,,,S,КТО,S m - nom sg,О
25404,,плохой,ПЛОХОЙ,A - nom sg plen m -,,,", а кто _плохой_ ? » .",й,о,х,о,л,п,A,ПЛОХОЙ,A - nom sg plen m -,Й
25405,,?,?,PUNCT,,,,,,,,,,PUNCT,,,
25406,,»,»,PUNCT,,,,,,,,,,PUNCT,,,
25407,,.,.,PUNCT,,,,,,,,,,PUNCT,,,
25408,,,,,,,,,,,,,,,,,
25409,# sent = 1820,,,,,,,,,,,,,,,,
25410,,В,В,PR,,,.   _В_ обычной сказке вор,в,,,,,,PR,В,PR,В
25411,,обычной,ОБЫЧНЫЙ,A - loc sg plen f -,,,  В _обычной_ сказке вор не,й,о,н,ч,ы,б,A,ОБЫЧНЫЙ,A - loc sg plen f -,Й
25412,,сказке,СКАЗКА,S f inan loc sg,,, В обычной _сказке_ вор не мог,е,к,з,а,к,с,S,СКАЗКА,S f inan loc sg,А
25413,,вор,ВОР,S m anim nom sg,,,В обычной сказке _вор_ не мог бы,р,о,в,,,,S,ВОР,S m anim nom sg,Р
25414,,не,НЕ,PART,,,обычной сказке вор _не_ мог бы быть,е,н,,,,,PART,НЕ,PART,Е
25415,,мог,МОЧЬ,V ipf praet sg indic m -,,,сказке вор не _мог_ бы быть хорошим,г,о,м,,,,V,МОЧЬ,V ipf praet sg indic m -,Ь
25416,,бы,БЫ,PART,,,вор не мог _бы_ быть хорошим персонажем,ы,б,,,,,PART,БЫ,PART,Ы
25417,,быть,БЫТЬ,V ipf - - inf - -,,,не мог бы _быть_ хорошим персонажем .,ь,т,ы,б,,,V,БЫТЬ,V ipf - - inf - -,Ь
25418,,хорошим,ХОРОШИЙ,A - ins sg plen m -,,,мог бы быть _хорошим_ персонажем . ,м,и,ш,о,р,о,A,ХОРОШИЙ,A - ins sg plen m -,Й
25419,,персонажем,ПЕРСОНАЖ,S m anim ins sg,,,бы быть хорошим _персонажем_ .  ,м,е,ж,а,н,о,S,ПЕРСОНАЖ,S m anim ins sg,Ж
25420,,.,.,PUNCT,,,,,,,,,,PUNCT,,,
25421,,,,,,,,,,,,,,,,,
25422,# sent = 1821,,,,,,,,,,,,,,,,
25423,,А,А,CONJ,,,.   _А_ здесь он превращается,а,,,,,,CONJ,А,CONJ,А
25424,,здесь,ЗДЕСЬ,ADV -,,,  А _здесь_ он превращается в,ь,с,е,д,з,,ADV,ЗДЕСЬ,ADV -,Ь
25425,,он,ОН,SPRO sg 3p m nom,,, А здесь _он_ превращается в хорошего,н,о,,,,,SPRO,ОН,SPRO sg 3p m nom,Н
25426,,превращается,ПРЕВРАЩАТЬСЯ,V ipf praes sg indic - 3p,,,А здесь он _превращается_ в хорошего персонажа,я,с,т,е,а,щ,V,ПРЕВРАЩАТЬСЯ,V ipf praes sg indic - 3p,Я
25427,,в,В,PR,,,здесь он превращается _в_ хорошего персонажа .,в,,,,,,PR,В,PR,В
25428,,хорошего,ХОРОШИЙ,A - acc sg plen m -,,,он превращается в _хорошего_ персонажа . ,о,г,е,ш,о,р,A,ХОРОШИЙ,A - gen sg plen m -,Й
25429,,персонажа,ПЕРСОНАЖ,S m inan acc sg,,,превращается в хорошего _персонажа_ .  ,а,ж,а,н,о,с,S,ПЕРСОНАЖ,S m inan gen sg,Ж
25430,,.,.,PUNCT,,,,,,,,,,PUNCT,,,
25431,,,,,,,,,,,,,,,,,
25432,# sent = 1822,,,,,,,,,,,,,,,,
25433,,И,И,CONJ,,,.   _И_ тут мы ..,и,,,,,,CONJ,И,CONJ,И
25434,,тут,ТУТ,ADV -,,,  И _тут_ мы .. и,т,у,т,,,,ADV,ТУТ,ADV -,Т
25435,,мы,МЫ,SPRO pl 1p - nom,,, И тут _мы_ .. и тут,ы,м,,,,,SPRO,МЫ,SPRO pl 1p - nom,Ы
25436,,..,..,PUNCT,,,,,,,,,,PUNCT,,,
25437,,и,И,CONJ,,,тут мы .. _и_ тут принцесса сама,и,,,,,,CONJ,И,CONJ,И
25438,,тут,ТУТ,ADV -,,,мы .. и _тут_ принцесса сама ищет,т,у,т,,,,ADV,ТУТ,ADV -,Т
25439,,принцесса,ПРИНЦЕССА,S f anim nom sg,,,.. и тут _принцесса_ сама ищет себе,а,с,с,е,ц,н,S,ПРИНЦЕССА,S f anim nom sg,А
25440,,сама,САМ,A - nom sg plen f -,,,и тут принцесса _сама_ ищет себе свой,а,м,а,с,,,A,САМ,A - nom sg plen f -,М
25441,,ищет,ИСКАТЬ,V ipf praes sg indic - 3p,,,тут принцесса сама _ищет_ себе свой путь,т,е,щ,и,,,V,ИСКАТЬ,V ipf praes sg indic - 3p,Ь
25442,,себе,СЕБЯ,SPRO - - - dat,,,принцесса сама ищет _себе_ свой путь какой-то,е,б,е,с,,,SPRO,СЕБЯ,SPRO - - - dat,Я
25443,,свой,СВОЙ,APRO - nom sg plen m -,,,сама ищет себе _свой_ путь какой-то .,й,о,в,с,,,APRO,СВОЙ,A - nom sg plen m -,Й
25444,,путь,ПУТЬ,S m inan acc sg,,,ищет себе свой _путь_ какой-то . ,ь,т,у,п,,,S,ПУТЬ,S m inan nom sg,Ь
25445,,какой-то,КАКОЙ-ТО,APRO - acc sg plen f -,,,себе свой путь _какой-то_ .  ,о,т,-,й,о,к,APRO,КАКОЙ-ТО,A - gen sg plen f -,О
25446,,.,.,PUNCT,,,,,,,,,,PUNCT,,,
25447,,,,,,,,,,,,,,,,,
25448,# sent = 1823,,,,,,,,,,,,,,,,
25449,,А,А,CONJ,,,".   _А_ ты бы ,",а,,,,,,CONJ,А,CONJ,А
25450,,ты,ТЫ,SPRO sg 2p - nom,,,"  А _ты_ бы , кто",ы,т,,,,,SPRO,ТЫ,SPRO sg 2p - nom,Ы
25451,,бы,БЫ,PART,,," А ты _бы_ , кто был",ы,б,,,,,PART,БЫ,PART,Ы
25452,,",",",",PUNCT,,,,,,,,,,PUNCT,,,
25453,,кто,КТО,SPRO m - nom sg,,,"ты бы , _кто_ был из мультика",о,т,к,,,,S,КТО,S m - nom sg,О
25454,,был,БЫТЬ,V ipf praet sg indic m -,,,"бы , кто _был_ из мультика Рапунцель",л,ы,б,,,,V,БЫТЬ,V ipf praet sg indic m -,Ь
25455,,из,ИЗ,PR,,,", кто был _из_ мультика Рапунцель ?",з,и,,,,,PR,ИЗ,PR,З
25456,,мультика,МУЛЬТИК,S m inan gen sg,,,кто был из _мультика_ Рапунцель ? ,а,к,и,т,ь,л,S,МУЛЬТИК,S m inan gen sg,К
25457,,Рапунцель,РАПУНЦЕЛЬ,S f anim nom sg persn,,,был из мультика _Рапунцель_ ?  ,ь,л,е,ц,н,у,S,РАПУНЦЕЛЬ,S f inan acc sg,Ь
25458,,?,?,PUNCT,,,,,,,,,,PUNCT,,,
25459,,,,,,,,,,,,,,,,,
25460,# sent = 1824,,,,,,,,,,,,,,,,
25461,# speaker = Ars,,,,,,,,,,,,,,,,
25462,# sent = 1825,,,,,,,,,,,,,,,,
25463,,Я,Я,SPRO sg 1p - nom,,,   _Я_ же сказал сразу,я,,,,,,SPRO,Я,SPRO sg 1p - nom,Я
25464,,же,ЖЕ,PART,,,"  Я _же_ сказал сразу ,",е,ж,,,,,PART,ЖЕ,PART,Е
25465,,сказал,СКАЗАТЬ,V pf praet sg indic m -,,," Я же _сказал_ сразу , что",л,а,з,а,к,с,V,СКАЗАТЬ,V pf praet sg indic m -,Ь
25466,,сразу,СРАЗУ,ADV -,,,"Я же сказал _сразу_ , что я",у,з,а,р,с,,ADV,СРАЗУ,ADV -,У
25467,,",",",",PUNCT,,,,,,,,,,PUNCT,,,
25468,,что,ЧТО,CONJ,,,"сказал сразу , _что_ я Рапунцель .",о,т,ч,,,,CONJ,ЧТО,CONJ,О
25469,,я,Я,SPRO sg 1p - nom,,,"сразу , что _я_ Рапунцель . ",я,,,,,,SPRO,Я,SPRO sg 1p - nom,Я
25470,,Рапунцель,РАПУНЦЕЛЬ,S f anim nom sg persn,,,", что я _Рапунцель_ .  ",ь,л,е,ц,н,у,S,РАПУНЦЕЛЬ,S m inan acc sg,Ь
25471,,.,.,PUNCT,,,,,,,,,,PUNCT,,,
25472,,,,,,,,,,,,,,,,,
25473,# sent = 1826,,,,,,,,,,,,,,,,
25474,# speaker = Tody,,,,,,,,,,,,,,,,
25475,# sent = 1827,,,,,,,,,,,,,,,,
25476,,Почему,ПОЧЕМУ,ADV -,,,   _Почему_ ?  ,у,м,е,ч,о,п,ADV,ПОЧЕМУ,ADV -,У
25477,,?,?,PUNCT,,,,,,,,,,PUNCT,,,
25478,,,,,,,,,,,,,,,,,
25479,# sent = 1828,,,,,,,,,,,,,,,,
25480,,Какие,КАКОЙ,APRO - nom pl plen - -,,,?   _Какие_ у вас общие,е,и,к,а,к,,APRO,КАКОЙ,A - nom pl plen - -,Й
25481,,у,У,PR,,,  Какие _у_ вас общие качества,у,,,,,,PR,У,PR,У
25482,,вас,ВЫ,SPRO pl 2p - gen,,, Какие у _вас_ общие качества с,с,а,в,,,,SPRO,ВЫ,SPRO pl 2p - loc,Ы
25483,,общие,ОБЩИЙ,A - acc pl plen - inan,,,Какие у вас _общие_ качества с принцессой,е,и,щ,б,о,,A,ОБЩИЙ,A - acc pl plen - inan,Й
25484,,качества,КАЧЕСТВО,S n inan acc pl,,,у вас общие _качества_ с принцессой Рапунцель,а,в,т,с,е,ч,S,КАЧЕСТВО,S n inan acc pl,О
25485,,с,С,PR,,,вас общие качества _с_ принцессой Рапунцель ?,с,,,,,,PR,С,PR,С
25486,,принцессой,ПРИНЦЕССА,S f anim ins sg,,,общие качества с _принцессой_ Рапунцель ? ,й,о,с,с,е,ц,S,ПРИНЦЕССА,S f anim ins sg,А
25487,,Рапунцель,РАПУНЦЕЛЬ,S f anim nom sg persn,,,качества с принцессой _Рапунцель_ ?  ,ь,л,е,ц,н,у,S,РАПУНЦЕЛЬ,S m inan acc sg,Ь
25488,,?,?,PUNCT,,,,,,,,,,PUNCT,,,
25489,,,,,,,,,,,,,,,,,
25490,# sent = 1829,,,,,,,,,,,,,,,,
25491,# speaker = Ars,,,,,,,,,,,,,,,,
25492,# sent = 1830,,,,,,,,,,,,,,,,
25493,,Потому что,Потому что,CONJ,,,"   _Потому что_ , если у",о,т,ч, ,у,м,CONJ,Потому что,CONJ,о
25494,,",",",",PUNCT,,,,,,,,,,PUNCT,,,
25495,,если,ЕСЛИ,CONJ,,," Потому что , _если_ у всех спрашивать",и,л,с,е,,,CONJ,ЕСЛИ,CONJ,И
25496,,у,У,PR,,,"Потому что , если _у_ всех спрашивать про",у,,,,,,PR,У,PR,У
25497,,всех,ВСЕ,S - - gen pl,,,", если у _всех_ спрашивать про этот",х,е,с,в,,,S,ВСЕ,S - - gen pl,Е
25498,,спрашивать,СПРАШИВАТЬ,V ipf - - inf - -,,,если у всех _спрашивать_ про этот мультик,ь,т,а,в,и,ш,V,СПРАШИВАТЬ,V ipf - - inf - -,Ь
25499,,про,ПРО,PR,,,у всех спрашивать _про_ этот мультик и,о,р,п,,,,PR,ПРО,PR,О
25500,,этот,ЭТОТ,APRO - acc sg plen m inan,,,всех спрашивать про _этот_ мультик и показывать,т,о,т,э,,,APRO,ЭТОТ,A - acc sg plen m inan,Т
25501,,мультик,МУЛЬТИК,S m inan acc sg,,,спрашивать про этот _мультик_ и показывать мою,к,и,т,ь,л,у,S,МУЛЬТИК,S m inan acc sg,К
25502,,и,И,CONJ,,,про этот мультик _и_ показывать мою фотографию,и,,,,,,CONJ,И,CONJ,И
25503,,показывать,ПОКАЗЫВАТЬ,V ipf - - inf - -,,,"этот мультик и _показывать_ мою фотографию ,",ь,т,а,в,ы,з,V,ПОКАЗЫВАТЬ,V ipf - - inf - -,Ь
25504,,мою,МОЙ,APRO - acc sg plen f -,,,"мультик и показывать _мою_ фотографию , то",ю,о,м,,,,APRO,МОЙ,A - acc sg plen f -,Й
25505,,фотографию,ФОТОГРАФИЯ,S f inan acc sg,,,"и показывать мою _фотографию_ , то все",ю,и,ф,а,р,г,S,ФОТОГРАФИЯ,S f inan acc sg,Я
25506,,",",",",PUNCT,,,,,,,,,,PUNCT,,,
25507,,то,ТО,CONJ,,,"мою фотографию , _то_ все будут говорить",о,т,,,,,CONJ,ТО,CONJ,О
25508,,все,ВСЕ,S - - nom pl,,,"фотографию , то _все_ будут говорить ,",е,с,в,,,,S,ВСЕ,S - - nom pl,Е
25509,,будут,БЫТЬ,V ipf praes pl indic - 3p,,,", то все _будут_ говорить , что",т,у,д,у,б,,V,БЫТЬ,V ipf praes pl indic - 3p,Ь
25510,,говорить,ГОВОРИТЬ,V ipf - - inf - -,,,"то все будут _говорить_ , что я",ь,т,и,р,о,в,V,ГОВОРИТЬ,V ipf - - inf - -,Ь
25511,,",",",",PUNCT,,,,,,,,,,PUNCT,,,
25512,,что,ЧТО,CONJ,,,"будут говорить , _что_ я Рапунцель .",о,т,ч,,,,CONJ,ЧТО,CONJ,О
25513,,я,Я,SPRO sg 1p - nom,,,"говорить , что _я_ Рапунцель . ",я,,,,,,SPRO,Я,SPRO sg 1p - nom,Я
25514,,Рапунцель,РАПУНЦЕЛЬ,S f anim nom sg persn,,,", что я _Рапунцель_ .  ",ь,л,е,ц,н,у,S,РАПУНЦЕЛЬ,S m inan acc sg,Ь
25515,,.,.,PUNCT,,,,,,,,,,PUNCT,,,
25516,,,,,,,,,,,,,,,,,
25517,# sent = 1831,,,,,,,,,,,,,,,,
25518,,Это,ЭТО,SPRO n - nom sg,,,.   _Это_ уже просто проверили,о,т,э,,,,SPRO,ЭТО,S n - nom sg,О
25519,,уже,УЖЕ,ADV -,,,  Это _уже_ просто проверили .,е,ж,у,,,,ADV,УЖЕ,ADV -,Е
25520,,просто,ПРОСТО,PART,,, Это уже _просто_ проверили . ,о,т,с,о,р,п,PART,ПРОСТО,PART,О
25521,,проверили,ПРОВЕРИТЬ,V pf praet pl indic - -,,,Это уже просто _проверили_ .  ,и,л,и,р,е,в,V,ПРОВЕРИТЬ,V pf praet pl indic - -,Ь
25522,,.,.,PUNCT,,,,,,,,,,PUNCT,,,
25523,,,,,,,,,,,,,,,,,
25524,# sent = 1832,,,,,,,,,,,,,,,,
25525,,В,В,PR,,,.   _В_ обычном  ,в,,,,,,PR,В,PR,В
25526,,обычном,ОБЫЧНЫЙ,A - loc sg plen m -,,,  В _обычном_   ,м,о,н,ч,ы,б,A,ОБЫЧНЫЙ,A - loc sg plen m -,Й
25527,<noindex>[нрзб]</noindex>,,,,,,,,,,,,,,,,
25528,,,,,,,,,,,,,,,,,
25529,# sent = 1833,,,,,,,,,,,,,,,,
25530,# speaker = Tody,,,,,,,,,,,,,,,,
25531,# sent = 1834,,,,,,,,,,,,,,,,
25532,,Ты,ТЫ,SPRO sg 2p - nom,,,   _Ты_ уже спрашивал про,ы,т,,,,,SPRO,ТЫ,SPRO sg 2p - nom,Ы
25533,,уже,УЖЕ,ADV -,,,  Ты _уже_ спрашивал про это,е,ж,у,,,,ADV,УЖЕ,ADV -,Е
25534,,спрашивал,СПРАШИВАТЬ,V ipf praet sg indic m -,,, Ты уже _спрашивал_ про это у,л,а,в,и,ш,а,V,СПРАШИВАТЬ,V ipf praet sg indic m -,Ь
25535,,про,ПРО,PR,,,Ты уже спрашивал _про_ это у кого-то,о,р,п,,,,PR,ПРО,PR,О
25536,,это,ЭТО,SPRO n - acc sg,,,уже спрашивал про _это_ у кого-то ?,о,т,э,,,,SPRO,ЭТО,S n - acc sg,О
25537,,у,У,PR,,,спрашивал про это _у_ кого-то ? ,у,,,,,,PR,У,PR,У
25538,,кого-то,КТО-ТО,SPRO m - gen sg,,,про это у _кого-то_ ?  ,о,т,-,о,г,о,S,КТО-ТО,S m - gen sg,О
25539,,?,?,PUNCT,,,,,,,,,,PUNCT,,,
25540,,,,,,,,,,,,,,,,,
25541,# sent = 1835,,,,,,,,,,,,,,,,
25542,"<span class=""note"">",,,,,,,,,,,,,,,,
25543,<note>,Говорят одновременно,,,,,,,,,,,,,,,
25544,</span>,,,,,,,,,,,,,,,,
25545,,,,,,,,,,,,,,,,,
25546,# sent = 1836,,,,,,,,,,,,,,,,
25547,# speaker = Ars,,,,,,,,,,,,,,,,
25548,# sent = 1837,,,,,,,,,,,,,,,,
25549,,Да,ДА,CONJ,,,"   _Да_ , так было",а,д,,,,,CONJ,ДА,CONJ,А
25550,,",",",",PUNCT,,,,,,,,,,PUNCT,,,
25551,,так,ТАК,ADV -,,," Да , _так_ было много раз",к,а,т,,,,ADV,ТАК,ADV -,К
25552,,было,БЫТЬ,V ipf praet sg indic n -,,,"Да , так _было_ много раз .",о,л,ы,б,,,V,БЫТЬ,V ipf praet sg indic n -,Ь
25553,,много,МНОГО,ADV -,,,", так было _много_ раз . ",о,г,о,н,м,,ADV,МНОГО,ADV -,О
25554,,раз,РАЗ,S m inan acc sg,,,так было много _раз_ .  ,з,а,р,,,,S,РАЗ,S m inan acc sg,З
25555,,.,.,PUNCT,,,,,,,,,,PUNCT,,,
25556,,,,,,,,,,,,,,,,,
25557,# sent = 1838,,,,,,,,,,,,,,,,
25558,# speaker = Tode,,,,,,,,,,,,,,,,
25559,# sent = 1839,,,,,,,,,,,,,,,,
25560,,Кого,КТО,SPRO m - acc sg,,,   _Кого_   ,о,г,о,к,,,S,КТО,S m - acc sg,О
25561,,,,,,,,,,,,,,,,,
25562,# sent = 1840,,,,,,,,,,,,,,,,
25563,# speaker = Tody,,,,,,,,,,,,,,,,
25564,# sent = 1841,,,,,,,,,,,,,,,,
25565,,Кто,КТО,SPRO m - nom sg,,,   _Кто_ считал тебя Рапунцелью,о,т,к,,,,S,КТО,S m - nom sg,О
25566,,считал,СЧИТАТЬ,V ipf praet sg indic m -,,,  Кто _считал_ тебя Рапунцелью ?,л,а,т,и,ч,с,V,СЧИТАТЬ,V ipf praet sg indic m -,Ь
25567,,тебя,ТЫ,SPRO sg 2p - acc,,, Кто считал _тебя_ Рапунцелью ? ,я,б,е,т,,,SPRO,ТЫ,SPRO sg 2p - acc,Ы
25568,,Рапунцелью,РАПУНЦЕЛЬ,S f anim ins sg persn,,,Кто считал тебя _Рапунцелью_ ?  ,ю,ь,л,е,ц,н,S,РАПУНЦЕЛЬ,S f inan ins sg,Ь
25569,,?,?,PUNCT,,,,,,,,,,PUNCT,,,
25570,,,,,,,,,,,,,,,,,
25571,# sent = 1842,,,,,,,,,,,,,,,,
25572,# speaker = Ars,,,,,,,,,,,,,,,,
25573,# sent = 1843,,,,,,,,,,,,,,,,
25574,,Ты,ТЫ,SPRO sg 2p - nom,,,   _Ты_ в первую очередь . ,ы,т,,,,,SPRO,ТЫ,SPRO sg 2p - nom,Ы
25575,,в первую очередь,в первую очередь,ADV -,,,  Ты _в первую очередь_ .  ,ь,д,е,р,е,ч,ADV,в первую очередь,ADV -,ь
25576,,.,.,PUNCT,,,,,,,,,,PUNCT,,,
25577,,,,,,,,,,,,,,,,,
25578,# sent = 1844,,,,,,,,,,,,,,,,
25579,# speaker = Tody,,,,,,,,,,,,,,,,
25580,# sent = 1845,,,,,,,,,,,,,,,,
25581,,Я,Я,SPRO sg 1p - nom,,,   _Я_ ?  ,я,,,,,,SPRO,Я,SPRO sg 1p - nom,Я
25582,,?,?,PUNCT,,,,,,,,,,PUNCT,,,
25583,,,,,,,,,,,,,,,,,
25584,# sent = 1846,,,,,,,,,,,,,,,,
25585,# speaker = Ars,,,,,,,,,,,,,,,,
25586,# sent = 1847,,,,,,,,,,,,,,,,
25587,,Да,ДА,PART,,,   _Да_ .  ,а,д,,,,,PART,ДА,PART,А
25588,,.,.,PUNCT,,,,,,,,,,PUNCT,,,
25589,,,,,,,,,,,,,,,,,
25590,# sent = 1848,,,,,,,,,,,,,,,,
25591,# speaker = Tody,,,,,,,,,,,,,,,,
25592,# sent = 1849,,,,,,,,,,,,,,,,
25593,,Ты,ТЫ,SPRO sg 2p - nom,,,   _Ты_ меня не спрашивал,ы,т,,,,,SPRO,ТЫ,SPRO sg 2p - nom,Ы
25594,,меня,Я,SPRO sg 1p - acc,,,  Ты _меня_ не спрашивал ..,я,н,е,м,,,SPRO,Я,SPRO sg 1p - acc,Я
25595,,не,НЕ,PART,,, Ты меня _не_ спрашивал .. ,е,н,,,,,PART,НЕ,PART,Е
25596,,спрашивал,СПРАШИВАТЬ,V ipf praet sg indic m -,,,Ты меня не _спрашивал_ ..  ,л,а,в,и,ш,а,V,СПРАШИВАТЬ,V ipf praet sg indic m -,Ь
25597,,..,..,PUNCT,,,,,,,,,,PUNCT,,,
25598,,,,,,,,,,,,,,,,,
25599,# sent = 1850,,,,,,,,,,,,,,,,
25600,# speaker = Ars,,,,,,,,,,,,,,,,
25601,# sent = 1851,,,,,,,,,,,,,,,,
25602,,Нет,НЕТ,PART,,,"   _Нет_ , ты говорила",т,е,н,,,,PART,НЕТ,PART,Т
25603,,",",",",PUNCT,,,,,,,,,,PUNCT,,,
25604,,ты,ТЫ,SPRO sg 2p - nom,,," Нет , _ты_ говорила же .",ы,т,,,,,SPRO,ТЫ,SPRO sg 2p - nom,Ы
25605,,говорила,ГОВОРИТЬ,V ipf praet sg indic f -,,,"Нет , ты _говорила_ же . ",а,л,и,р,о,в,V,ГОВОРИТЬ,V ipf praet sg indic f -,Ь
25606,,же,ЖЕ,PART,,,", ты говорила _же_ .  ",е,ж,,,,,PART,ЖЕ,PART,Е
25607,,.,.,PUNCT,,,,,,,,,,PUNCT,,,
25608,,,,,,,,,,,,,,,,,
25609,# sent = 1852,,,,,,,,,,,,,,,,
25610,# speaker = Tody,,,,,,,,,,,,,,,,
25611,# sent = 1853,,,,,,,,,,,,,,,,
25612,,А,А,CONJ,,,"   _А_ , в самом",а,,,,,,CONJ,А,CONJ,А
25613,,",",",",PUNCT,,,,,,,,,,PUNCT,,,
25614,,в,В,PR,,," А , _в_ самом начале ?",в,,,,,,PR,В,PR,В
25615,,самом,САМЫЙ,A - loc sg plen n -,,,"А , в _самом_ начале ? ",м,о,м,а,с,,A,САМЫЙ,A - loc sg plen n -,Й
25616,,начале,НАЧАЛО,S n inan loc sg,,,", в самом _начале_ ?  ",е,л,а,ч,а,н,S,НАЧАЛО,S n inan loc sg,О
25617,,?,?,PUNCT,,,,,,,,,,PUNCT,,,
25618,,,,,,,,,,,,,,,,,
25619,# sent = 1854,,,,,,,,,,,,,,,,
25620,# speaker = Ars,,,,,,,,,,,,,,,,
25621,# sent = 1855,,,,,,,,,,,,,,,,
25622,,Ты,ТЫ,SPRO sg 2p - nom,,,   _Ты_ не помнишь .,ы,т,,,,,SPRO,ТЫ,SPRO sg 2p - nom,Ы
25623,,не,НЕ,PART,,,  Ты _не_ помнишь . ,е,н,,,,,PART,НЕ,PART,Е
25624,,помнишь,ПОМНИТЬ,V ipf praes sg indic - 2p,,, Ты не _помнишь_ .  ,ь,ш,и,н,м,о,V,ПОМНИТЬ,V ipf praes sg indic - 2p,Ь
25625,,.,.,PUNCT,,,,,,,,,,PUNCT,,,
25626,,,,,,,,,,,,,,,,,
25627,# sent = 1856,,,,,,,,,,,,,,,,
25628,,Да,ДА,PART,,,.   _Да_ .  ,а,д,,,,,PART,ДА,PART,А
25629,,.,.,PUNCT,,,,,,,,,,PUNCT,,,
25630,,,,,,,,,,,,,,,,,
25631,# sent = 1857,,,,,,,,,,,,,,,,
25632,# speaker = Tody,,,,,,,,,,,,,,,,
25633,# sent = 1858,,,,,,,,,,,,,,,,
25634,,Ну,НУ,PART,,,   _Ну_  лано ,у,н,,,,,PART,НУ,PART,У
25635,"<distinct form=""",,,,,,,,,,,,,,,,
25636,<dist>,лано,,,,,,,,,,,,,,,
25637,""">",,,,,,,,,,,,,,,,
25638,,ладно,ЛАДНО,PART,,," лано  _ладно_  , а",о,н,д,а,л,,PART,ЛАДНО,PART,О
25639,</distinct>,,,,,,,,,,,,,,,,
25640,,",",",",PUNCT,,,,,,,,,,PUNCT,,,
25641,,а,А,CONJ,,,"ладно  , _а_ кто еще ?",а,,,,,,CONJ,А,CONJ,А
25642,,кто,КТО,SPRO m - nom sg,,," , а _кто_ еще ? ",о,т,к,,,,S,КТО,S m - nom sg,О
25643,,еще,ЕЩЕ,ADV -,,,", а кто _еще_ ?  ",е,щ,е,,,,ADV,ЕЩЕ,ADV -,Е
25644,,?,?,PUNCT,,,,,,,,,,PUNCT,,,
25645,,,,,,,,,,,,,,,,,
25646,# sent = 1859,,,,,,,,,,,,,,,,
25647,# speaker = Ars,,,,,,,,,,,,,,,,
25648,# sent = 1860,,,,,,,,,,,,,,,,
25649,,По,ПО,PR,,,"   _По_ моему , Ира",о,п,,,,,PR,ПО,PR,О
25650,,моему,МОЙ,APRO - dat sg plen n -,,,"  По _моему_ , Ира Щекина",у,м,е,о,м,,APRO,МОЙ,A - dat sg plen n -,Й
25651,,",",",",PUNCT,,,,,,,,,,PUNCT,,,
25652,,Ира,ИРА,S f anim nom sg persn,,,"По моему , _Ира_ Щекина тоже .",а,р,и,,,,S,ИРА,S f anim nom sg,А
25653,,Щекина,ЩЕКИНА,S f anim nom sg famn,,,"моему , Ира _Щекина_ тоже . ",а,н,и,к,е,щ,S,ЩЕКИН,S n inan gen sg,А
25654,,тоже,ТОЖЕ,PART,,,", Ира Щекина _тоже_ .  ",е,ж,о,т,,,PART,ТОЖЕ,PART,Е
25655,,.,.,PUNCT,,,,,,,,,,PUNCT,,,
25656,,,,,,,,,,,,,,,,,
25657,# sent = 1861,,,,,,,,,,,,,,,,
25658,# speaker = Tody,,,,,,,,,,,,,,,,
25659,# sent = 1862,,,,,,,,,,,,,,,,
25660,,Говорила,ГОВОРИТЬ,V ipf praet sg indic f -,,,"   _Говорила_ , что ты",а,л,и,р,о,в,V,ГОВОРИТЬ,V ipf praet sg indic f -,Ь
25661,,",",",",PUNCT,,,,,,,,,,PUNCT,,,
25662,,что,ЧТО,CONJ,,," Говорила , _что_ ты похож на",о,т,ч,,,,CONJ,ЧТО,CONJ,О
25663,,ты,ТЫ,SPRO sg 2p - nom,,,"Говорила , что _ты_ похож на Рапунцель",ы,т,,,,,SPRO,ТЫ,SPRO sg 2p - nom,Ы
25664,,похож,ПОХОЖИЙ,A - - sg brev m -,,,", что ты _похож_ на Рапунцель ?",ж,о,х,о,п,,A,ПОХОЖИЙ,A - - sg brev m -,Й
25665,,на,НА,PR,,,что ты похож _на_ Рапунцель ? ,а,н,,,,,PR,НА,PR,А
25666,,Рапунцель,РАПУНЦЕЛЬ,S f inan acc sg persn,,,ты похож на _Рапунцель_ ?  ,ь,л,е,ц,н,у,S,РАПУНЦЕЛЬ,S f inan acc sg,Ь
25667,,?,?,PUNCT,,,,,,,,,,PUNCT,,,
25668,,,,,,,,,,,,,,,,,
25669,# sent = 1863,,,,,,,,,,,,,,,,
25670,# speaker = Ars,,,,,,,,,,,,,,,,
25671,# sent = 1864,,,,,,,,,,,,,,,,
25672,,Да,ДА,PART,,,"   _Да_ , да .",а,д,,,,,PART,ДА,PART,А
25673,,",",",",PUNCT,,,,,,,,,,PUNCT,,,
25674,,да,ДА,PART,,," Да , _да_ .  ",а,д,,,,,PART,ДА,PART,А
25675,,.,.,PUNCT,,,,,,,,,,PUNCT,,,
25676,,,,,,,,,,,,,,,,,
25677,# sent = 1865,,,,,,,,,,,,,,,,
25678,# speaker = Ann,,,,,,,,,,,,,,,,
25679,# sent = 1866,,,,,,,,,,,,,,,,
25680,,Сеня,АРСЕНИЙ,S m anim nom sg persn,,,"   _Сеня_ , сколько раз",я,н,е,с,,,S,СЕНЯ,S m anim nom sg,Й
25681,,",",",",PUNCT,,,,,,,,,,PUNCT,,,
25682,,сколько,СКОЛЬКО,ADV -,,," Сеня , _сколько_ раз ты пересматривал",о,к,ь,л,о,к,ADV,СКОЛЬКО,ADV -,О
25683,,раз,РАЗ,S m inan acc sg,,,"Сеня , сколько _раз_ ты пересматривал этот",з,а,р,,,,S,РАЗ,S m inan acc sg,З
25684,,ты,ТЫ,SPRO sg 2p - nom,,,", сколько раз _ты_ пересматривал этот мультфильм",ы,т,,,,,SPRO,ТЫ,SPRO sg 2p - nom,Ы
25685,,пересматривал,ПЕРЕСМАТРИВАТЬ,V ipf praet sg indic m -,,,сколько раз ты _пересматривал_ этот мультфильм ?,л,а,в,и,р,т,V,ПЕРЕСМАТРИВАТЬ,V ipf praet sg indic m -,Ь
25686,,этот,ЭТОТ,APRO - acc sg plen m -,,,раз ты пересматривал _этот_ мультфильм ? ,т,о,т,э,,,APRO,ЭТОТ,A - nom sg plen m -,Т
25687,,мультфильм,МУЛЬТФИЛЬМ,S m inan acc sg,,,ты пересматривал этот _мультфильм_ ?  ,м,ь,л,и,ф,т,S,МУЛЬТФИЛЬМ,S m inan nom sg,М
25688,,?,?,PUNCT,,,,,,,,,,PUNCT,,,
25689,,,,,,,,,,,,,,,,,
25690,# sent = 1867,,,,,,,,,,,,,,,,
25691,# speaker = Ars,,,,,,,,,,,,,,,,
25692,# sent = 1868,,,,,,,,,,,,,,,,
25693,,Ааа,ААА,INTJ,,,   _Ааа_ ..  ,а,а,а,,,,INTJ,ААА,S m inan nonflex -,А
25694,,..,..,PUNCT,,,,,,,,,,PUNCT,,,
25695,,,,,,,,,,,,,,,,,
25696,# sent = 1869,,,,,,,,,,,,,,,,
25697,,Его,ОН,SPRO sg 3p m acc,,,..   _Его_ смотрела моя сестра,о,г,е,,,,SPRO,ОН,SPRO sg 3p m acc,Н
25698,,смотрела,СМОТРЕТЬ,V ipf praet sg indic f -,,,"  Его _смотрела_ моя сестра ,",а,л,е,р,т,о,V,СМОТРЕТЬ,V ipf praet sg indic f -,Ь
25699,,моя,МОЙ,APRO - nom sg plen f -,,," Его смотрела _моя_ сестра , и",я,о,м,,,,APRO,МОЙ,A - nom sg plen f -,Й
25700,,сестра,СЕСТРА,S f anim nom sg,,,"Его смотрела моя _сестра_ , и я",а,р,т,с,е,с,S,СЕСТРА,S f anim nom sg,А
25701,,",",",",PUNCT,,,,,,,,,,PUNCT,,,
25702,,и,И,CONJ,,,"моя сестра , _и_ я просто находился",и,,,,,,CONJ,И,CONJ,И
25703,,я,Я,SPRO sg 1p - nom,,,"сестра , и _я_ просто находился рядом",я,,,,,,SPRO,Я,SPRO sg 1p - nom,Я
25704,,просто,ПРОСТО,PART,,,", и я _просто_ находился рядом .",о,т,с,о,р,п,PART,ПРОСТО,PART,О
25705,,находился,НАХОДИТЬСЯ,V ipf praet sg indic m -,,,и я просто _находился_ рядом . ,я,с,л,и,д,о,V,НАХОДИТЬСЯ,V ipf praet sg indic m -,Я
25706,,рядом,РЯДОМ,ADV -,,,я просто находился _рядом_ .  ,м,о,д,я,р,,ADV,РЯДОМ,ADV -,М
25707,,.,.,PUNCT,,,,,,,,,,PUNCT,,,
25708,,,,,,,,,,,,,,,,,
25709,# sent = 1870,,,,,,,,,,,,,,,,
25710,,И,И,CONJ,,,.   _И_ ничего ... ,и,,,,,,CONJ,И,CONJ,И
25711,,ничего,НИЧЕГО,ADV -,,,  И _ничего_ ...  ,о,г,е,ч,и,н,ADV,НИЧЕГО,ADV -,О
25712,,...,...,PUNCT,,,,,,,,,,PUNCT,,,
25713,,,,,,,,,,,,,,,,,
25714,# sent = 1871,,,,,,,,,,,,,,,,
25715,# speaker = Tody,,,,,,,,,,,,,,,,
25716,# sent = 1872,,,,,,,,,,,,,,,,
25717,,Ты,ТЫ,SPRO sg 2p - nom,,,   _Ты_ был пассивный зритель,ы,т,,,,,SPRO,ТЫ,SPRO sg 2p - nom,Ы
25718,,был,БЫТЬ,V ipf praet sg indic m -,,,  Ты _был_ пассивный зритель ?,л,ы,б,,,,V,БЫТЬ,V ipf praet sg indic m -,Ь
25719,,пассивный,ПАССИВНЫЙ,A - nom sg plen m -,,, Ты был _пассивный_ зритель ? ,й,ы,н,в,и,с,A,ПАССИВНЫЙ,A - nom sg plen m -,Й
25720,,зритель,ЗРИТЕЛЬ,S m anim nom sg,,,Ты был пассивный _зритель_ ?  ,ь,л,е,т,и,р,S,ЗРИТЕЛЬ,S m anim nom sg,Ь
25721,,?,?,PUNCT,,,,,,,,,,PUNCT,,,
25722,,,,,,,,,,,,,,,,,
25723,# sent = 1873,,,,,,,,,,,,,,,,
25724,# speaker = Ars,,,,,,,,,,,,,,,,
25725,# sent = 1874,,,,,,,,,,,,,,,,
25726,,Да,ДА,CONJ,,,"   _Да_ , я был",а,д,,,,,CONJ,ДА,CONJ,А
25727,,",",",",PUNCT,,,,,,,,,,PUNCT,,,
25728,,я,Я,SPRO sg 1p - nom,,," Да , _я_ был пассивным зрителем",я,,,,,,SPRO,Я,SPRO sg 1p - nom,Я
25729,,был,БЫТЬ,V ipf praet sg indic m -,,,"Да , я _был_ пассивным зрителем этого",л,ы,б,,,,V,БЫТЬ,V ipf praet sg indic m -,Ь
25730,,пассивным,ПАССИВНЫЙ,A - ins sg plen m -,,,", я был _пассивным_ зрителем этого мультика",м,ы,н,в,и,с,A,ПАССИВНЫЙ,A - ins sg plen m -,Й
25731,,зрителем,ЗРИТЕЛЬ,S m anim ins sg,,,я был пассивным _зрителем_ этого мультика .,м,е,л,е,т,и,S,ЗРИТЕЛЬ,S m anim ins sg,Ь
25732,,этого,ЭТОТ,APRO - gen sg plen m -,,,был пассивным зрителем _этого_ мультика . ,о,г,о,т,э,,APRO,ЭТОТ,A - acc sg plen m anim,Т
25733,,мультика,МУЛЬТИК,S m inan gen sg,,,пассивным зрителем этого _мультика_ .  ,а,к,и,т,ь,л,S,МУЛЬТИК,S m inan gen sg,К
25734,,.,.,PUNCT,,,,,,,,,,PUNCT,,,
25735,,,,,,,,,,,,,,,,,
25736,# sent = 1875,,,,,,,,,,,,,,,,
25737,# speaker = Tody,,,,,,,,,,,,,,,,
25738,# sent = 1876,,,,,,,,,,,,,,,,
25739,,Ты,ТЫ,SPRO sg 2p - nom,,,   _Ты_ помнишь о чем,ы,т,,,,,SPRO,ТЫ,SPRO sg 2p - nom,Ы
25740,,помнишь,ПОМНИТЬ,V ipf praes sg indic - 2p,,,  Ты _помнишь_ о чем он,ь,ш,и,н,м,о,V,ПОМНИТЬ,V ipf praes sg indic - 2p,Ь
25741,,о,О,PR,,, Ты помнишь _о_ чем он ?,о,,,,,,PR,О,PR,О
25742,,чем,ЧЕМ,CONJ,,,Ты помнишь о _чем_ он ? ,м,е,ч,,,,CONJ,ЧЕМ,CONJ,М
25743,,он,ОН,SPRO sg 3p m nom,,,помнишь о чем _он_ ?  ,н,о,,,,,SPRO,ОН,SPRO sg 3p m nom,Н
25744,,?,?,PUNCT,,,,,,,,,,PUNCT,,,
25745,,,,,,,,,,,,,,,,,
25746,# sent = 1877,,,,,,,,,,,,,,,,
25747,# speaker = Ars,,,,,,,,,,,,,,,,
25748,# sent = 1878,,,,,,,,,,,,,,,,
25749,,Да,ДА,CONJ,,,"   _Да_ , я помню",а,д,,,,,CONJ,ДА,CONJ,А
25750,,",",",",PUNCT,,,,,,,,,,PUNCT,,,
25751,,я,Я,SPRO sg 1p - nom,,," Да , _я_ помню почти каждую",я,,,,,,SPRO,Я,SPRO sg 1p - nom,Я
25752,,помню,ПОМНИТЬ,V ipf praes sg indic - 1p,,,"Да , я _помню_ почти каждую сцену",ю,н,м,о,п,,V,ПОМНИТЬ,V ipf praes sg indic - 1p,Ь
25753,,почти,ПОЧТИ,ADV -,,,", я помню _почти_ каждую сцену из",и,т,ч,о,п,,ADV,ПОЧТИ,ADV -,И
25754,,каждую,КАЖДЫЙ,APRO - acc sg plen f -,,,я помню почти _каждую_ сцену из него,ю,у,д,ж,а,к,APRO,КАЖДЫЙ,A - acc sg plen f -,Й
25755,,сцену,СЦЕНА,S f inan acc sg,,,помню почти каждую _сцену_ из него .,у,н,е,ц,с,,S,СЦЕНА,S f inan acc sg,А
25756,,из,ИЗ,PR,,,почти каждую сцену _из_ него . ,з,и,,,,,PR,ИЗ,PR,З
25757,,него,ОН,SPRO sg 3p m gen,,,каждую сцену из _него_ .  ,о,г,е,н,,,SPRO,ОН,SPRO sg 3p m acc,Н
25758,,.,.,PUNCT,,,,,,,,,,PUNCT,,,
25759,,,,,,,,,,,,,,,,,
25760,# sent = 1879,,,,,,,,,,,,,,,,
25761,,Потому что,Потому что,CONJ,,,.   _Потому что_ его смотрела моя,о,т,ч, ,у,м,CONJ,Потому что,CONJ,о
25762,,его,ОН,SPRO sg 3p m acc,,,  Потому что _его_ смотрела моя сестра,о,г,е,,,,SPRO,ОН,SPRO sg 3p m acc,Н
25763,,смотрела,СМОТРЕТЬ,V ipf praet sg indic f -,,, Потому что его _смотрела_ моя сестра неоднократно,а,л,е,р,т,о,V,СМОТРЕТЬ,V ipf praet sg indic f -,Ь
25764,,моя,МОЙ,APRO - nom sg plen f -,,,Потому что его смотрела _моя_ сестра неоднократно .,я,о,м,,,,APRO,МОЙ,A - nom sg plen f -,Й
25765,,сестра,СЕСТРА,S f anim nom sg,,,его смотрела моя _сестра_ неоднократно . ,а,р,т,с,е,с,S,СЕСТРА,S f anim nom sg,А
25766,,неоднократно,НЕОДНОКРАТНО,ADV -,,,смотрела моя сестра _неоднократно_ .  ,о,н,т,а,р,к,ADV,НЕОДНОКРАТНО,ADV -,О
25767,,.,.,PUNCT,,,,,,,,,,PUNCT,,,
25768,,,,,,,,,,,,,,,,,
25769,# sent = 1880,,,,,,,,,,,,,,,,
25770,# speaker = Tody,,,,,,,,,,,,,,,,
25771,# sent = 1881,,,,,,,,,,,,,,,,
25772,,А,А,CONJ,,,   _А_ какая у тебя,а,,,,,,CONJ,А,CONJ,А
25773,,какая,КАКОЙ,APRO - nom sg plen f -,,,  А _какая_ у тебя любимая,я,а,к,а,к,,APRO,КАКОЙ,A - nom sg plen f -,Й
25774,,у,У,PR,,, А какая _у_ тебя любимая сцена,у,,,,,,PR,У,PR,У
25775,,тебя,ТЫ,SPRO sg 2p - gen,,,А какая у _тебя_ любимая сцена ?,я,б,е,т,,,SPRO,ТЫ,SPRO sg 2p - acc,Ы
25776,,любимая,ЛЮБИМЫЙ,A - nom sg plen f -,,,какая у тебя _любимая_ сцена ? ,я,а,м,и,б,ю,A,ЛЮБИМЫЙ,A - nom sg plen f -,Й
25777,,сцена,СЦЕНА,S f inan nom sg,,,у тебя любимая _сцена_ ?  ,а,н,е,ц,с,,S,СЦЕНА,S f inan nom sg,А
25778,,?,?,PUNCT,,,,,,,,,,PUNCT,,,
25779,,,,,,,,,,,,,,,,,
25780,# sent = 1882,,,,,,,,,,,,,,,,
25781,# speaker = Ars,,,,,,,,,,,,,,,,
25782,# sent = 1883,,,,,,,,,,,,,,,,
25783,,Когда,КОГДА,CONJ,,,   _Когда_ она на этих,а,д,г,о,к,,CONJ,КОГДА,CONJ,А
25784,,она,ОНА,SPRO sg 3p f nom,,,  Когда _она_ на этих своих,а,н,о,,,,SPRO,ОНА,SPRO sg 3p f nom,А
25785,,на,НА,PR,,, Когда она _на_ этих своих волосах,а,н,,,,,PR,НА,PR,А
25786,,этих,ЭТОТ,APRO - loc pl plen - -,,,Когда она на _этих_ своих волосах там,х,и,т,э,,,APRO,ЭТОТ,A - loc pl plen - -,Т
25787,,своих,СВОЙ,APRO - loc pl plen - -,,,она на этих _своих_ волосах там летает,х,и,о,в,с,,APRO,СВОЙ,A - loc pl plen - -,Й
25788,,волосах,ВОЛОС,S m inan loc pl,,,на этих своих _волосах_ там летает по,х,а,с,о,л,о,S,ВОЛОС,S m inan loc pl,С
25789,,там,ТАМ,ADV -,,,этих своих волосах _там_ летает по всему,м,а,т,,,,ADV,ТАМ,ADV -,М
25790,,летает,ЛЕТАТЬ,V ipf praes sg indic - 3p,,,своих волосах там _летает_ по всему лесу,т,е,а,т,е,л,V,ЛЕТАТЬ,V ipf praes sg indic - 3p,Ь
25791,,по,ПО,PR,,,волосах там летает _по_ всему лесу .,о,п,,,,,PR,ПО,PR,О
25792,,всему,ВЕСЬ,APRO - dat sg plen m -,,,там летает по _всему_ лесу . ,у,м,е,с,в,,APRO,ВЕСЬ,A - dat sg plen m -,Ь
25793,,лесу,ЛЕС,S m inan dat sg,,,летает по всему _лесу_ .  ,у,с,е,л,,,S,ЛЕС,S m inan dat sg,С
25794,,.,.,PUNCT,,,,,,,,,,PUNCT,,,
25795,,,,,,,,,,,,,,,,,
25796,# sent = 1884,,,,,,,,,,,,,,,,
25797,# speaker = Tody,,,,,,,,,,,,,,,,
25798,# sent = 1885,,,,,,,,,,,,,,,,
25799,,Аа,АА,INTJ,,,   _Аа_ ..  ,а,а,,,,,INTJ,АА,NONLEX,А
25800,,..,..,PUNCT,,,,,,,,,,PUNCT,,,
25801,,,,,,,,,,,,,,,,,
25802,# sent = 1886,,,,,,,,,,,,,,,,
25803,# speaker = Ars,,,,,,,,,,,,,,,,
25804,# sent = 1887,,,,,,,,,,,,,,,,
25805,,И,И,CONJ,,,"   _И_ вот , когда",и,,,,,,CONJ,И,CONJ,И
25806,,вот,ВОТ,PART,,,"  И _вот_ , когда этот",т,о,в,,,,PART,ВОТ,PART,Т
25807,,",",",",PUNCT,,,,,,,,,,PUNCT,,,
25808,,когда,КОГДА,CONJ,,,"И вот , _когда_ этот парень ,",а,д,г,о,к,,CONJ,КОГДА,CONJ,А
25809,,этот,ЭТОТ,APRO - nom sg plen m -,,,"вот , когда _этот_ парень , который",т,о,т,э,,,APRO,ЭТОТ,A - nom sg plen m -,Т
25810,,парень,ПАРЕНЬ,S m anim nom sg,,,", когда этот _парень_ , который достал",ь,н,е,р,а,п,S,ПАРЕНЬ,S m anim nom sg,Ь
25811,,",",",",PUNCT,,,,,,,,,,PUNCT,,,
25812,,который,КОТОРЫЙ,APRO - nom sg plen m -,,,"этот парень , _который_ достал ее с",й,ы,р,о,т,о,APRO,КОТОРЫЙ,A - nom sg plen m -,Й
25813,,достал,ДОСТАТЬ,V pf praet sg indic m -,,,"парень , который _достал_ ее с этой",л,а,т,с,о,д,V,ДОСТАТЬ,V pf praet sg indic m -,Ь
25814,,ее,ОНА,SPRO sg 3p f acc,,,", который достал _ее_ с этой башни",е,е,,,,,SPRO,ОНА,SPRO sg 3p f acc,А
25815,,с,С,PR,,,"который достал ее _с_ этой башни ,",с,,,,,,PR,С,PR,С
25816,,этой,ЭТОТ,APRO - gen sg plen f -,,,"достал ее с _этой_ башни , сидит",й,о,т,э,,,APRO,ЭТОТ,A - gen sg plen f -,Т
25817,,башни,БАШНЯ,S f inan gen sg,,,"ее с этой _башни_ , сидит и",и,н,ш,а,б,,S,БАШНЯ,S f inan gen sg,Я
25818,,",",",",PUNCT,,,,,,,,,,PUNCT,,,
25819,,сидит,СИДЕТЬ,V ipf praes sg indic - 3p,,,"этой башни , _сидит_ и скучает ,",т,и,д,и,с,,V,СИДЕТЬ,V ipf praes sg indic - 3p,Ь
25820,,и,И,CONJ,,,"башни , сидит _и_ скучает , и",и,,,,,,CONJ,И,CONJ,И
25821,,скучает,СКУЧАТЬ,V ipf praes sg indic - 3p,,,", сидит и _скучает_ , и потом",т,е,а,ч,у,к,V,СКУЧАТЬ,V ipf praes sg indic - 3p,Ь
25822,,",",",",PUNCT,,,,,,,,,,PUNCT,,,
25823,,и,И,CONJ,,,"и скучает , _и_ потом он радуется",и,,,,,,CONJ,И,CONJ,И
25824,,потом,ПОТОМ,ADV -,,,"скучает , и _потом_ он радуется ,",м,о,т,о,п,,ADV,ПОТОМ,ADV -,М
25825,,он,ОН,SPRO sg 3p m nom,,,", и потом _он_ радуется , а",н,о,,,,,SPRO,ОН,SPRO sg 3p m nom,Н
25826,,радуется,РАДОВАТЬСЯ,V ipf praes sg indic - 3p,,,"и потом он _радуется_ , а потом",я,с,т,е,у,д,V,РАДОВАТЬСЯ,V ipf praes sg indic - 3p,Я
25827,,",",",",PUNCT,,,,,,,,,,PUNCT,,,
25828,,а,А,CONJ,,,"он радуется , _а_ потом опять скучает",а,,,,,,CONJ,А,CONJ,А
25829,,потом,ПОТОМ,ADV -,,,"радуется , а _потом_ опять скучает .",м,о,т,о,п,,ADV,ПОТОМ,ADV -,М
25830,,опять,ОПЯТЬ,ADV -,,,", а потом _опять_ скучает . ",ь,т,я,п,о,,ADV,ОПЯТЬ,ADV -,Ь
25831,,скучает,СКУЧАТЬ,V ipf praes sg indic - 3p,,,а потом опять _скучает_ .  ,т,е,а,ч,у,к,V,СКУЧАТЬ,V ipf praes sg indic - 3p,Ь
25832,,.,.,PUNCT,,,,,,,,,,PUNCT,,,
25833,,,,,,,,,,,,,,,,,
25834,# sent = 1888,,,,,,,,,,,,,,,,
25835,,И,И,CONJ,,,.   _И_ вот у него,и,,,,,,CONJ,И,CONJ,И
25836,,вот,ВОТ,PART,,,  И _вот_ у него меняется,т,о,в,,,,PART,ВОТ,PART,Т
25837,,у,У,PR,,, И вот _у_ него меняется это,у,,,,,,PR,У,PR,У
25838,,него,ОН,SPRO sg 3p m acc,,,И вот у _него_ меняется это настроение,о,г,е,н,,,SPRO,ОН,SPRO sg 3p m acc,Н
25839,,меняется,МЕНЯТЬСЯ,V ipf praes sg indic - 3p,,,вот у него _меняется_ это настроение .,я,с,т,е,я,н,V,МЕНЯТЬСЯ,V ipf praes sg indic - 3p,Я
25840,,это,ЭТОТ,APRO - nom sg plen n -,,,у него меняется _это_ настроение . ,о,т,э,,,,APRO,ЭТОТ,A - acc sg plen n -,Т
25841,,настроение,НАСТРОЕНИЕ,S n inan nom sg,,,него меняется это _настроение_ .  ,е,и,н,е,о,р,S,НАСТРОЕНИЕ,S n inan nom sg,Е
25842,,.,.,PUNCT,,,,,,,,,,PUNCT,,,
25843,,,,,,,,,,,,,,,,,
25844,# sent = 1889,,,,,,,,,,,,,,,,
25845,,Он,ОН,SPRO sg 3p m nom,,,.   _Он_ уже такой матерый,н,о,,,,,SPRO,ОН,SPRO sg 3p m nom,Н
25846,,уже,УЖЕ,ADV -,,,"  Он _уже_ такой матерый ,",е,ж,у,,,,ADV,УЖЕ,ADV -,Е
25847,,такой,ТАКОЙ,APRO - nom sg plen m -,,," Он уже _такой_ матерый , привыкший",й,о,к,а,т,,APRO,ТАКОЙ,A - nom sg plen m -,Й
25848,,матерый,МАТЕРЫЙ,A - nom sg plen m -,,,"Он уже такой _матерый_ , привыкший к",й,ы,р,е,т,а,A,МАТЕРЫЙ,A - nom sg plen m -,Й
25849,,",",",",PUNCT,,,,,,,,,,PUNCT,,,
25850,,привыкший,ПРИВЫКНУТЬ,PARTCP pf praet nom sg plen m act inan,,,"такой матерый , _привыкший_ к жизни ,",й,и,ш,к,ы,в,PARTCP,ПРИВЫКНУТЬ,PARTCP pf praet acc sg plen m act inan,Ь
25851,,к,К,PR,,,"матерый , привыкший _к_ жизни , а",к,,,,,,PR,К,PR,К
25852,,жизни,ЖИЗНЬ,S f inan dat sg,,,", привыкший к _жизни_ , а она",и,н,з,и,ж,,S,ЖИЗНЬ,S f inan loc sg,Ь
25853,,",",",",PUNCT,,,,,,,,,,PUNCT,,,
25854,,а,А,CONJ,,,"к жизни , _а_ она такая вся",а,,,,,,CONJ,А,CONJ,А
25855,,она,ОНА,SPRO sg 3p f nom,,,"жизни , а _она_ такая вся :",а,н,о,,,,SPRO,ОНА,SPRO sg 3p f nom,А
25856,,такая,ТАКОЙ,APRO - nom sg plen f -,,,", а она _такая_ вся : «",я,а,к,а,т,,APRO,ТАКОЙ,A - nom sg plen f -,Й
25857,,вся,ВЕСЬ,APRO - nom sg plen f -,,,а она такая _вся_ : « Лалала,я,с,в,,,,APRO,ВЕСЬ,A - nom sg plen f -,Ь
25858,,:,:,PUNCT,,,,,,,,,,PUNCT,,,
25859,,«,«,PUNCT,,,,,,,,,,PUNCT,,,
25860,,Лалала,ЛАЛАЛА,INTJ,,,"вся : « _Лалала_ » , жизнерадостная",а,л,а,л,а,л,S,ЛАЛАЛА,S m anim nom sg,А
25861,,»,»,PUNCT,,,,,,,,,,PUNCT,,,
25862,,",",",",PUNCT,,,,,,,,,,PUNCT,,,
25863,,жизнерадостная,ЖИЗНЕРАДОСТНЫЙ,A - nom sg plen f -,,,"Лалала » , _жизнерадостная_ , постоянно бегает",я,а,н,т,с,о,A,ЖИЗНЕРАДОСТНЫЙ,A - nom sg plen f -,Й
25864,,",",",",PUNCT,,,,,,,,,,PUNCT,,,
25865,,постоянно,ПОСТОЯННО,ADV -,,,", жизнерадостная , _постоянно_ бегает и ничего",о,н,н,я,о,т,ADV,ПОСТОЯННО,ADV -,О
25866,,бегает,БЕГАТЬ,V ipf praes sg indic - 3p,,,"жизнерадостная , постоянно _бегает_ и ничего другого",т,е,а,г,е,б,V,БЕГАТЬ,V ipf praes sg indic - 3p,Ь
25867,,и,И,CONJ,,,", постоянно бегает _и_ ничего другого не",и,,,,,,CONJ,И,CONJ,И
25868,,ничего,НИЧТО,SPRO n inan gen sg,,,постоянно бегает и _ничего_ другого не замечает,о,г,е,ч,и,н,SPRO,НИЧТО,S n - gen sg,О
25869,,другого,ДРУГОЙ,A - acc sg plen m -,,,бегает и ничего _другого_ не замечает и,о,г,о,г,у,р,A,ДРУГОЙ,A - gen sg plen m -,Й
25870,,не,НЕ,PART,,,и ничего другого _не_ замечает и вот,е,н,,,,,PART,НЕ,PART,Е
25871,,замечает,ЗАМЕЧАТЬ,V ipf praes sg indic - 3p,,,ничего другого не _замечает_ и вот .,т,е,а,ч,е,м,V,ЗАМЕЧАТЬ,V ipf praes sg indic - 3p,Ь
25872,,и,И,CONJ,,,другого не замечает _и_ вот . ,и,,,,,,CONJ,И,CONJ,И
25873,,вот,ВОТ,PART,,,не замечает и _вот_ .  ,т,о,в,,,,PART,ВОТ,PART,Т
25874,,.,.,PUNCT,,,,,,,,,,PUNCT,,,
25875,,,,,,,,,,,,,,,,,
25876,# sent = 1890,,,,,,,,,,,,,,,,
25877,,И,И,CONJ,,,.   _И_ вот этот контраст,и,,,,,,CONJ,И,CONJ,И
25878,,вот,ВОТ,PART,,,  И _вот_ этот контраст .,т,о,в,,,,PART,ВОТ,PART,Т
25879,,этот,ЭТОТ,APRO - nom sg plen m -,,, И вот _этот_ контраст . ,т,о,т,э,,,APRO,ЭТОТ,A - nom sg plen m -,Т
25880,,контраст,КОНТРАСТ,S m inan nom sg,,,И вот этот _контраст_ .  ,т,с,а,р,т,н,S,КОНТРАСТ,S m inan nom sg,Т
25881,,.,.,PUNCT,,,,,,,,,,PUNCT,,,
25882,,,,,,,,,,,,,,,,,
25883,# sent = 1891,,,,,,,,,,,,,,,,
25884,# speaker = Tody,,,,,,,,,,,,,,,,
25885,# sent = 1892,,,,,,,,,,,,,,,,
25886,,Еще,ЕЩЕ,ADV -,,,   _Еще_ потом была сцена,е,щ,е,,,,ADV,ЕЩЕ,ADV -,Е
25887,,потом,ПОТОМ,ADV -,,,"  Еще _потом_ была сцена ,",м,о,т,о,п,,ADV,ПОТОМ,ADV -,М
25888,,была,БЫТЬ,V ipf praet sg indic f -,,," Еще потом _была_ сцена , кстати",а,л,ы,б,,,V,БЫТЬ,V ipf praet sg indic f -,Ь
25889,,сцена,СЦЕНА,S f inan nom sg,,,"Еще потом была _сцена_ , кстати ,",а,н,е,ц,с,,S,СЦЕНА,S f inan nom sg,А
25890,,",",",",PUNCT,,,,,,,,,,PUNCT,,,
25891,,кстати,КСТАТИ,ADV -,,,"была сцена , _кстати_ , про фонарики",и,т,а,т,с,к,ADV,КСТАТИ,ADV -,И
25892,,",",",",PUNCT,,,,,,,,,,PUNCT,,,
25893,,про,ПРО,PR,,,", кстати , _про_ фонарики . ",о,р,п,,,,PR,ПРО,PR,О
25894,,фонарики,ФОНАРИК,S m inan acc pl,,,"кстати , про _фонарики_ .  ",и,к,и,р,а,н,S,ФОНАРИК,S m inan acc pl,К
25895,,.,.,PUNCT,,,,,,,,,,PUNCT,,,
25896,,,,,,,,,,,,,,,,,
25897,# sent = 1893,,,,,,,,,,,,,,,,
25898,# speaker = Ann,,,,,,,,,,,,,,,,
25899,# sent = 1894,,,,,,,,,,,,,,,,
25900,,Какую,КАКОЙ,APRO - acc sg plen f -,,,   _Какую_ бы ты предложил,ю,у,к,а,к,,APRO,КАКОЙ,A - acc sg plen f -,Й
25901,,бы,БЫ,PART,,,  Какую _бы_ ты предложил оригинальную,ы,б,,,,,PART,БЫ,PART,Ы
25902,,ты,ТЫ,SPRO sg 2p - nom,,, Какую бы _ты_ предложил оригинальную концовку,ы,т,,,,,SPRO,ТЫ,SPRO sg 2p - nom,Ы
25903,,предложил,ПРЕДЛОЖИТЬ,V pf praet sg indic m -,,,Какую бы ты _предложил_ оригинальную концовку этого,л,и,ж,о,л,д,V,ПРЕДЛОЖИТЬ,V pf praet sg indic m -,Ь
25904,,оригинальную,ОРИГИНАЛЬНЫЙ,A - acc sg plen f -,,,бы ты предложил _оригинальную_ концовку этого мультфильма,ю,у,н,ь,л,а,A,ОРИГИНАЛЬНЫЙ,A - acc sg plen f -,Й
25905,,концовку,КОНЦОВКА,S f inan acc sg,,,ты предложил оригинальную _концовку_ этого мультфильма ?,у,к,в,о,ц,н,S,КОНЦОВКА,S f inan acc sg,А
25906,,этого,ЭТОТ,APRO - gen sg plen m -,,,предложил оригинальную концовку _этого_ мультфильма ? ,о,г,о,т,э,,APRO,ЭТОТ,A - acc sg plen m anim,Т
25907,,мультфильма,МУЛЬТФИЛЬМ,S m inan gen sg,,,оригинальную концовку этого _мультфильма_ ?  ,а,м,ь,л,и,ф,S,МУЛЬТФИЛЬМ,S m inan gen sg,М
25908,,?,?,PUNCT,,,,,,,,,,PUNCT,,,
25909,,,,,,,,,,,,,,,,,
25910,# sent = 1895,,,,,,,,,,,,,,,,
25911,# speaker = Ars,,,,,,,,,,,,,,,,
25912,# sent = 1896,,,,,,,,,,,,,,,,
25913,,Оригинальную,ОРИГИНАЛЬНЫЙ,A - acc sg plen f -,,,   _Оригинальную_ ?  ,ю,у,н,ь,л,а,A,ОРИГИНАЛЬНЫЙ,A - acc sg plen f -,Й
25914,,?,?,PUNCT,,,,,,,,,,PUNCT,,,
25915,,,,,,,,,,,,,,,,,
25916,# sent = 1897,,,,,,,,,,,,,,,,
25917,,Здесь,ЗДЕСЬ,ADV -,,,?   _Здесь_ оригинального быть не,ь,с,е,д,з,,ADV,ЗДЕСЬ,ADV -,Ь
25918,,оригинального,ОРИГИНАЛЬНЫЙ,A - acc sg plen m anim,,,  Здесь _оригинального_ быть не может,о,г,о,н,ь,л,A,ОРИГИНАЛЬНЫЙ,A - acc sg plen m anim,Й
25919,,быть,БЫТЬ,V ipf - - inf - -,,, Здесь оригинального _быть_ не может .,ь,т,ы,б,,,V,БЫТЬ,V ipf - - inf - -,Ь
25920,,не,НЕ,PART,,,Здесь оригинального быть _не_ может . ,е,н,,,,,PART,НЕ,PART,Е
25921,,может,МОЧЬ,V ipf praes sg indic - 3p,,,оригинального быть не _может_ .  ,т,е,ж,о,м,,V,МОЧЬ,V ipf praes sg indic - 3p,Ь
25922,,.,.,PUNCT,,,,,,,,,,PUNCT,,,
25923,,,,,,,,,,,,,,,,,
25924,# sent = 1898,,,,,,,,,,,,,,,,
25925,,Ее,ОНА,SPRO sg 3p f acc,,,.   _Ее_ могли .. ,е,е,,,,,SPRO,ОНА,SPRO sg 3p f acc,А
25926,,могли,МОЧЬ,V ipf praet pl indic - -,,,  Ее _могли_ ..  ,и,л,г,о,м,,V,МОЧЬ,V ipf praet pl indic - -,Ь
25927,,..,..,PUNCT,,,,,,,,,,PUNCT,,,
25928,,,,,,,,,,,,,,,,,
25929,# sent = 1899,,,,,,,,,,,,,,,,
25930,"<distinct form=""",,,,,,,,,,,,,,,,
25931,<dist>,что,,,,,,,,,,,,,,,
25932,<dist>,нить,,,,,,,,,,,,,,,
25933,""">",,,,,,,,,,,,,,,,
25934,,что-нибудь,ЧТО-НИБУДЬ,SPRO n inan acc sg,,,что нить  _что-нибудь_  что нить,ь,д,у,б,и,н,SPRO,ЧТО-НИБУДЬ,S n - acc sg,Ь
25935,</distinct>,,,,,,,,,,,,,,,,
25936,,что,ЧТО,SPRO n inan acc sg,,, что-нибудь  _что_ нить  ,о,т,ч,,,,SPRO,ЧТО,S n inan acc sg,О
25937,,нить,NONLIX,,,,что-нибудь  что _нить_   ,ь,т,и,н,,,S,НИТЬ,S f inan nom sg,X
25938,,,,,,,,,,,,,,,,,
25939,# sent = 1900,,,,,,,,,,,,,,,,
25940,# speaker = Ann,,,,,,,,,,,,,,,,
25941,# sent = 1901,,,,,,,,,,,,,,,,
25942,,Ну,НУ,PART,,,"   _Ну_ , свою концовку",у,н,,,,,PART,НУ,PART,У
25943,,",",",",PUNCT,,,,,,,,,,PUNCT,,,
25944,,свою,СВОЙ,APRO - acc sg plen f -,,," Ну , _свою_ концовку .. ",ю,о,в,с,,,APRO,СВОЙ,A - acc sg plen f -,Й
25945,,концовку,КОНЦОВКА,S f inan acc sg,,,"Ну , свою _концовку_ ..  ",у,к,в,о,ц,н,S,КОНЦОВКА,S f inan acc sg,А
25946,,..,..,PUNCT,,,,,,,,,,PUNCT,,,
25947,,,,,,,,,,,,,,,,,
25948,# sent = 1902,,,,,,,,,,,,,,,,
25949,# speaker = Tody,,,,,,,,,,,,,,,,
25950,# sent = 1903,,,,,,,,,,,,,,,,
25951,,Если,ЕСЛИ,CONJ,,,   _Если_ бы снимал Рапунцель,и,л,с,е,,,CONJ,ЕСЛИ,CONJ,И
25952,,бы,БЫ,PART,,,"  Если _бы_ снимал Рапунцель ,",ы,б,,,,,PART,БЫ,PART,Ы
25953,,снимал,СНИМАТЬ,V ipf praet sg indic m -,,," Если бы _снимал_ Рапунцель , как бы",л,а,м,и,н,с,V,СНИМАТЬ,V ipf praet sg indic m -,Ь
25954,,Рапунцель,РАПУНЦЕЛЬ,S m anim nom sg persn,,,"Если бы снимал _Рапунцель_ , как бы ты",ь,л,е,ц,н,у,S,РАПУНЦЕЛЬ,S m anim nom sg,Ь
25955,,",",",",PUNCT,,,,,,,,,,PUNCT,,,
25956,,как бы,как бы,PART,,,"снимал Рапунцель , _как бы_ ты ее закончил",ы,б, ,к,а,к,PART,как бы,ADV -,ы
25957,,ты,ТЫ,SPRO sg 2p - nom,,,"Рапунцель , как бы _ты_ ее закончил ?",ы,т,,,,,SPRO,ТЫ,SPRO sg 2p - nom,Ы
25958,,ее,ОНА,SPRO sg 3p f acc,,,", как бы ты _ее_ закончил ? ",е,е,,,,,SPRO,ОНА,SPRO sg 3p f acc,А
25959,,закончил,ЗАКОНЧИТЬ,V pf praet sg indic m -,,,как бы ты ее _закончил_ ?  ,л,и,ч,н,о,к,V,ЗАКОНЧИТЬ,V pf praet sg indic m -,Ь
25960,,?,?,PUNCT,,,,,,,,,,PUNCT,,,
25961,,,,,,,,,,,,,,,,,
25962,# sent = 1904,,,,,,,,,,,,,,,,
25963,# speaker = Ars,,,,,,,,,,,,,,,,
25964,# sent = 1905,,,,,,,,,,,,,,,,
25965,,Хороший,ХОРОШИЙ,A - nom sg plen m -,,,   _Хороший_ вопрос .. ,й,и,ш,о,р,о,A,ХОРОШИЙ,A - nom sg plen m -,Й
25966,,вопрос,ВОПРОС,S m inan nom sg,,,  Хороший _вопрос_ ..  ,с,о,р,п,о,в,S,ВОПРОС,S m inan nom sg,С
25967,,..,..,PUNCT,,,,,,,,,,PUNCT,,,
25968,,,,,,,,,,,,,,,,,
25969,# sent = 1906,,,,,,,,,,,,,,,,
25970,# speaker = Tody,,,,,,,,,,,,,,,,
25971,# sent = 1907,,,,,,,,,,,,,,,,
25972,,Наверное,НАВЕРНОЕ,ADV -,,,   _Наверное_ ..  ,е,о,н,р,е,в,ADV,НАВЕРНОЕ,ADV -,Е
25973,,..,..,PUNCT,,,,,,,,,,PUNCT,,,
25974,,,,,,,,,,,,,,,,,
25975,# sent = 1908,,,,,,,,,,,,,,,,
25976,# speaker = Ars,,,,,,,,,,,,,,,,
25977,# sent = 1909,,,,,,,,,,,,,,,,
25978,,Наверное,НАВЕРНОЕ,ADV -,,,"   _Наверное_ , я бы",е,о,н,р,е,в,ADV,НАВЕРНОЕ,ADV -,Е
25979,,",",",",PUNCT,,,,,,,,,,PUNCT,,,
25980,,я,Я,SPRO sg 1p - nom,,," Наверное , _я_ бы оставил ,",я,,,,,,SPRO,Я,SPRO sg 1p - nom,Я
25981,,бы,БЫ,PART,,,"Наверное , я _бы_ оставил , как",ы,б,,,,,PART,БЫ,PART,Ы
25982,,оставил,ОСТАВИТЬ,V pf praet sg indic m -,,,", я бы _оставил_ , как есть",л,и,в,а,т,с,V,ОСТАВИТЬ,V pf praet sg indic m -,Ь
25983,,",",",",PUNCT,,,,,,,,,,PUNCT,,,
25984,,как,КАК,CONJ,,,"бы оставил , _как_ есть . ",к,а,к,,,,CONJ,КАК,CONJ,К
25985,,есть,БЫТЬ,V ipf praes sg indic - 3p,,,"оставил , как _есть_ .  ",ь,т,с,е,,,V,БЫТЬ,V ipf praes sg indic - 3p,Ь
25986,,.,.,PUNCT,,,,,,,,,,PUNCT,,,
25987,,,,,,,,,,,,,,,,,
25988,# sent = 1910,,,,,,,,,,,,,,,,
25989,# speaker = Ann,,,,,,,,,,,,,,,,
25990,# sent = 1911,,,,,,,,,,,,,,,,
25991,,А,А,CONJ,,,   _А_ ты как думаешь,а,,,,,,CONJ,А,CONJ,А
25992,,ты,ТЫ,SPRO sg 2p - nom,,,  А _ты_ как думаешь ?,ы,т,,,,,SPRO,ТЫ,SPRO sg 2p - nom,Ы
25993,,как,КАК,ADV -,,, А ты _как_ думаешь ? ,к,а,к,,,,ADV,КАК,ADV -,К
25994,,думаешь,ДУМАТЬ,V ipf praes sg indic - 2p,,,А ты как _думаешь_ ?  ,ь,ш,е,а,м,у,V,ДУМАТЬ,V ipf praes sg indic - 2p,Ь
25995,,?,?,PUNCT,,,,,,,,,,PUNCT,,,
25996,,,,,,,,,,,,,,,,,
25997,# sent = 1912,,,,,,,,,,,,,,,,
25998,# speaker = Tody,,,,,,,,,,,,,,,,
25999,# sent = 1913,,,,,,,,,,,,,,,,
26000,,Прикол,ПРИКОЛ,S m inan nom sg,,,"   _Прикол_ в том ,",л,о,к,и,р,п,S,ПРИКОЛ,S m inan nom sg,Л
26001,,в,В,PR,,,"  Прикол _в_ том , чтобы",в,,,,,,PR,В,PR,В
26002,,том,ТО,SPRO n - loc sg,,," Прикол в _том_ , чтобы раз",м,о,т,,,,SPRO,ТО,S n - loc sg,О
26003,,",",",",PUNCT,,,,,,,,,,PUNCT,,,
26004,,чтобы,ЧТОБЫ,CONJ,,,"в том , _чтобы_ раз они уже",ы,б,о,т,ч,,CONJ,ЧТОБЫ,CONJ,Ы
26005,,раз,РАЗ,S m inan nom sg,,,"том , чтобы _раз_ они уже начали",з,а,р,,,,S,РАЗ,S m inan nom sg,З
26006,,они,ОНИ,SPRO pl - - nom,,,", чтобы раз _они_ уже начали говорить",и,н,о,,,,SPRO,ОНИ,SPRO pl - - nom,И
26007,,уже,УЖЕ,ADV -,,,чтобы раз они _уже_ начали говорить эээ,е,ж,у,,,,ADV,УЖЕ,ADV -,Е
26008,,начали,НАЧАТЬ,V pf praet pl indic - -,,,раз они уже _начали_ говорить эээ ..,и,л,а,ч,а,н,V,НАЧАТЬ,V pf praet pl indic - -,Ь
26009,,говорить,ГОВОРИТЬ,V ipf - - inf - -,,,они уже начали _говорить_ эээ .. о,ь,т,и,р,о,в,V,ГОВОРИТЬ,V ipf - - inf - -,Ь
26010,,эээ,ЭЭЭ,INTJ,,,уже начали говорить _эээ_ .. о смене,э,э,э,,,,INTJ,ЭЭЭ,INTJ,Э
26011,,..,..,PUNCT,,,,,,,,,,PUNCT,,,
26012,,о,О,PR,,,"говорить эээ .. _о_ смене взгляда ,",о,,,,,,PR,О,PR,О
26013,,смене,СМЕНА,S f inan loc sg,,,"эээ .. о _смене_ взгляда , прикол",е,н,е,м,с,,S,СМЕНА,S f inan loc sg,А
26014,,взгляда,ВЗГЛЯД,S m inan gen sg,,,".. о смене _взгляда_ , прикол в",а,д,я,л,г,з,S,ВЗГЛЯД,S m inan gen sg,Д
26015,,",",",",PUNCT,,,,,,,,,,PUNCT,,,
26016,,прикол,ПРИКОЛ,S m inan acc sg,,,"смене взгляда , _прикол_ в том ,",л,о,к,и,р,п,S,ПРИКОЛ,S m inan acc sg,Л
26017,,в,В,PR,,,"взгляда , прикол _в_ том , чтобы",в,,,,,,PR,В,PR,В
26018,,том,ТО,SPRO n - loc sg,,,", прикол в _том_ , чтобы заканчивать",м,о,т,,,,SPRO,ТО,S n - loc sg,О
26019,,",",",",PUNCT,,,,,,,,,,PUNCT,,,
26020,,чтобы,ЧТОБЫ,CONJ,,,"в том , _чтобы_ заканчивать и говорить",ы,б,о,т,ч,,CONJ,ЧТОБЫ,CONJ,Ы
26021,,заканчивать,ЗАКАНЧИВАТЬ,V ipf - - inf - -,,,"том , чтобы _заканчивать_ и говорить ,",ь,т,а,в,и,ч,V,ЗАКАНЧИВАТЬ,V ipf - - inf - -,Ь
26022,,и,И,CONJ,,,", чтобы заканчивать _и_ говорить , что",и,,,,,,CONJ,И,CONJ,И
26023,,говорить,ГОВОРИТЬ,V ipf - - inf - -,,,"чтобы заканчивать и _говорить_ , что все",ь,т,и,р,о,в,V,ГОВОРИТЬ,V ipf - - inf - -,Ь
26024,,",",",",PUNCT,,,,,,,,,,PUNCT,,,
26025,,что,ЧТО,CONJ,,,"и говорить , _что_ все хорошо -",о,т,ч,,,,CONJ,ЧТО,CONJ,О
26026,,все,ВСЕ,S - - nom pl,,,"говорить , что _все_ хорошо - не",е,с,в,,,,S,ВСЕ,S - - nom pl,Е
26027,,хорошо,ХОРОШО,ADV -,,,", что все _хорошо_ - не женитьбой",о,ш,о,р,о,х,ADV,ХОРОШО,ADV -,О
26028,,-,-,PUNCT,,,,,,,,,,PUNCT,,,
26029,,не,НЕ,PART,,,"все хорошо - _не_ женитьбой , а",е,н,,,,,PART,НЕ,PART,Е
26030,,женитьбой,ЖЕНИТЬБА,S f inan ins sg,,,"хорошо - не _женитьбой_ , а ,",й,о,б,ь,т,и,S,ЖЕНИТЬБА,S f inan ins sg,А
26031,,",",",",PUNCT,,,,,,,,,,PUNCT,,,
26032,,а,А,CONJ,,,"не женитьбой , _а_ , например ,",а,,,,,,CONJ,А,CONJ,А
26033,,",",",",PUNCT,,,,,,,,,,PUNCT,,,
26034,,например,НАПРИМЕР,ADV -,,,", а , _например_ , делами какими-то",р,е,м,и,р,п,ADV,НАПРИМЕР,ADV -,Р
26035,,",",",",PUNCT,,,,,,,,,,PUNCT,,,
26036,,делами,ДЕЛО,S n inan ins pl,,,", например , _делами_ какими-то . ",и,м,а,л,е,д,S,ДЕЛО,S n inan ins pl,О
26037,,какими-то,КАКОЙ-ТО,APRO - ins pl plen - -,,,"например , делами _какими-то_ .  ",о,т,-,и,м,и,APRO,КАКОЙ-ТО,A - ins pl plen - -,О
26038,,.,.,PUNCT,,,,,,,,,,PUNCT,,,
26039,,,,,,,,,,,,,,,,,
26040,# sent = 1914,,,,,,,,,,,,,,,,
26041,,Вот,ВОТ,PART,,,".   _Вот_ они , типо",т,о,в,,,,PART,ВОТ,PART,Т
26042,,они,ОНИ,SPRO pl - - nom,,,"  Вот _они_ , типо ,",и,н,о,,,,SPRO,ОНИ,SPRO pl - - nom,И
26043,,",",",",PUNCT,,,,,,,,,,PUNCT,,,
26044,,типо,ТИПО,PART,,,"Вот они , _типо_ , поженились и",о,п,и,т,,,PART,ТИПО,PART,О
26045,,",",",",PUNCT,,,,,,,,,,PUNCT,,,
26046,,поженились,ПОЖЕНИТЬСЯ,V pf praet pl indic - -,,,", типо , _поженились_ и стали король",ь,с,и,л,и,н,V,ПОЖЕНИТЬСЯ,V pf praet pl indic - -,Я
26047,,и,И,CONJ,,,"типо , поженились _и_ стали король и",и,,,,,,CONJ,И,CONJ,И
26048,,стали,СТАТЬ,V pf praet pl indic - -,,,", поженились и _стали_ король и королева",и,л,а,т,с,,S,СТАЛЬ,S f inan loc sg,Ь
26049,,король,КОРОЛЬ,S m anim nom sg,,,"поженились и стали _король_ и королева ,",ь,л,о,р,о,к,S,КОРОЛЬ,S m anim nom sg,Ь
26050,,и,И,CONJ,,,"и стали король _и_ королева , но",и,,,,,,CONJ,И,CONJ,И
26051,,королева,КОРОЛЕВА,S f anim nom sg,,,"стали король и _королева_ , но они",а,в,е,л,о,р,S,КОРОЛЕВА,S f anim nom sg,А
26052,,",",",",PUNCT,,,,,,,,,,PUNCT,,,
26053,,но,НО,CONJ,,,"и королева , _но_ они не сказали",о,н,,,,,CONJ,НО,CONJ,О
26054,,они,ОНИ,SPRO pl - - nom,,,"королева , но _они_ не сказали о",и,н,о,,,,SPRO,ОНИ,SPRO pl - - nom,И
26055,,не,НЕ,PART,,,", но они _не_ сказали о том",е,н,,,,,PART,НЕ,PART,Е
26056,,сказали,СКАЗАТЬ,V pf praet pl indic - -,,,"но они не _сказали_ о том ,",и,л,а,з,а,к,V,СКАЗАТЬ,V pf praet pl indic - -,Ь
26057,,о,О,PR,,,"они не сказали _о_ том , как",о,,,,,,PR,О,PR,О
26058,,том,ТО,SPRO n - loc sg,,,"не сказали о _том_ , как они",м,о,т,,,,SPRO,ТО,S n - loc sg,О
26059,,",",",",PUNCT,,,,,,,,,,PUNCT,,,
26060,,как,КАК,CONJ,,,"о том , _как_ они хорошо правили",к,а,к,,,,CONJ,КАК,CONJ,К
26061,,они,ОНИ,SPRO pl - - nom,,,"том , как _они_ хорошо правили .",и,н,о,,,,SPRO,ОНИ,SPRO pl - - nom,И
26062,,хорошо,ХОРОШО,ADV -,,,", как они _хорошо_ правили . ",о,ш,о,р,о,х,ADV,ХОРОШО,ADV -,О
26063,,правили,ПРАВИТЬ,V ipf praet pl indic - -,,,как они хорошо _правили_ .  ,и,л,и,в,а,р,V,ПРАВИТЬ,V ipf praet pl indic - -,Ь
26064,,.,.,PUNCT,,,,,,,,,,PUNCT,,,
26065,,,,,,,,,,,,,,,,,
26066,# sent = 1915,,,,,,,,,,,,,,,,
26067,"<span class=""note"">",,,,,,,,,,,,,,,,
26068,<note>,Говорят одновременно,,,,,,,,,,,,,,,
26069,</span>,,,,,,,,,,,,,,,,
26070,,,,,,,,,,,,,,,,,
26071,# sent = 1916,,,,,,,,,,,,,,,,
26072,# speaker = Tody,,,,,,,,,,,,,,,,
26073,# sent = 1917,,,,,,,,,,,,,,,,
26074,,То есть,То есть,CONJ,,,   _То есть_ можно сказать ..,ь,т,с,е, ,о,CONJ,То есть,ADV -,ь
26075,,можно,МОЖНО,PRAEDIC,,,  То есть _можно_ сказать .. ,о,н,ж,о,м,,PRAEDIC,МОЖНО,PRAEDIC,О
26076,,сказать,СКАЗАТЬ,V pf - - inf - -,,, То есть можно _сказать_ ..  ,ь,т,а,з,а,к,V,СКАЗАТЬ,V pf - - inf - -,Ь
26077,,..,..,PUNCT,,,,,,,,,,PUNCT,,,
26078,,,,,,,,,,,,,,,,,
26079,# sent = 1918,,,,,,,,,,,,,,,,
26080,# speaker = Ars,,,,,,,,,,,,,,,,
26081,# sent = 1919,,,,,,,,,,,,,,,,
26082,,Но,НО,CONJ,,,   _Но_ это же диснеевский,о,н,,,,,CONJ,НО,CONJ,О
26083,,это,ЭТО,SPRO n - nom sg,,,  Но _это_ же диснеевский мультик,о,т,э,,,,SPRO,ЭТО,S n - nom sg,О
26084,,же,ЖЕ,PART,,," Но это _же_ диснеевский мультик ,",е,ж,,,,,PART,ЖЕ,PART,Е
26085,,диснеевский,ДИСНЕЕВСКИЙ,A - nom sg plen m -,,,"Но это же _диснеевский_ мультик , он",й,и,к,с,в,е,A,ДИСНЕЕВСКИЙ,A - nom sg plen m -,Й
26086,,мультик,МУЛЬТИК,S m inan nom sg,,,"это же диснеевский _мультик_ , он не",к,и,т,ь,л,у,S,МУЛЬТИК,S m inan nom sg,К
26087,,",",",",PUNCT,,,,,,,,,,PUNCT,,,
26088,,он,ОН,SPRO sg 3p m nom,,,"диснеевский мультик , _он_ не мог окончиться",н,о,,,,,SPRO,ОН,SPRO sg 3p m nom,Н
26089,,не,НЕ,PART,,,"мультик , он _не_ мог окончиться ..",е,н,,,,,PART,НЕ,PART,Е
26090,,мог,МОЧЬ,V ipf praet sg indic m -,,,", он не _мог_ окончиться .. ",г,о,м,,,,V,МОЧЬ,V ipf praet sg indic m -,Ь
26091,,окончиться,ОКОНЧИТЬСЯ,V pf - - inf - -,,,он не мог _окончиться_ ..  ,я,с,ь,т,и,ч,V,ОКОНЧИТЬСЯ,V pf - - inf - -,Я
26092,,..,..,PUNCT,,,,,,,,,,PUNCT,,,
26093,,,,,,,,,,,,,,,,,
26094,# sent = 1920,,,,,,,,,,,,,,,,
26095,# speaker = Tody,,,,,,,,,,,,,,,,
26096,# sent = 1921,,,,,,,,,,,,,,,,
26097,,Нет,НЕТ,PART,,,"   _Нет_ , ну смотри",т,е,н,,,,PART,НЕТ,PART,Т
26098,,",",",",PUNCT,,,,,,,,,,PUNCT,,,
26099,,ну,НУ,PART,,," Нет , _ну_ смотри , то есть",у,н,,,,,PART,НУ,PART,У
26100,,смотри,СМОТРЕТЬ,V ipf - sg imper - 2p,,,"Нет , ну _смотри_ , то есть они",и,р,т,о,м,с,V,СМОТРЕТЬ,V ipf - sg imper - 2p,Ь
26101,,",",",",PUNCT,,,,,,,,,,PUNCT,,,
26102,,то есть,то есть,CONJ,,,"ну смотри , _то есть_ они же уже",ь,т,с,е, ,о,CONJ,то есть,ADV -,ь
26103,,они,ОНИ,SPRO pl - - nom,,,"смотри , то есть _они_ же уже придумали",и,н,о,,,,SPRO,ОНИ,SPRO pl - - nom,И
26104,,же,ЖЕ,PART,,,", то есть они _же_ уже придумали этот",е,ж,,,,,PART,ЖЕ,PART,Е
26105,,уже,УЖЕ,ADV -,,,то есть они же _уже_ придумали этот сюжет,е,ж,у,,,,ADV,УЖЕ,ADV -,Е
26106,,придумали,ПРИДУМАТЬ,V pf praet pl indic - -,,,они же уже _придумали_ этот сюжет .,и,л,а,м,у,д,V,ПРИДУМАТЬ,V pf praet pl indic - -,Ь
26107,,этот,ЭТОТ,APRO - nom sg plen m -,,,же уже придумали _этот_ сюжет . ,т,о,т,э,,,APRO,ЭТОТ,A - nom sg plen m -,Т
26108,,сюжет,СЮЖЕТ,S m inan acc sg,,,уже придумали этот _сюжет_ .  ,т,е,ж,ю,с,,S,СЮЖЕТ,S m inan nom sg,Т
26109,,.,.,PUNCT,,,,,,,,,,PUNCT,,,
26110,,,,,,,,,,,,,,,,,
26111,# sent = 1922,,, ,,,,,,,,,,,,,
26112,,Они,ОНИ,SPRO pl - - nom,,,".   _Они_ могли сказать ,",и,н,о,,,,SPRO,ОНИ,SPRO pl - - nom,И
26113,,могли,МОЧЬ,V ipf praet pl indic - -,,,"  Они _могли_ сказать , там",и,л,г,о,м,,V,МОЧЬ,V ipf praet pl indic - -,Ь
26114,,сказать,СКАЗАТЬ,V pf - - inf - -,,," Они могли _сказать_ , там ,",ь,т,а,з,а,к,V,СКАЗАТЬ,V pf - - inf - -,Ь
26115,,",",",",PUNCT,,,,,,,,,,PUNCT,,,
26116,,там,ТАМ,ADV -,,,"могли сказать , _там_ , сделать какие-то",м,а,т,,,,ADV,ТАМ,ADV -,М
26117,,",",",",PUNCT,,,,,,,,,,PUNCT,,,
26118,,сделать,СДЕЛАТЬ,V pf - - inf - -,,,", там , _сделать_ какие-то .. окей",ь,т,а,л,е,д,V,СДЕЛАТЬ,V pf - - inf - -,Ь
26119,,какие-то,КАКОЙ-ТО,APRO - nom pl plen - -,,,"там , сделать _какие-то_ .. окей ,",о,т,-,е,и,к,APRO,КАКОЙ-ТО,A - nom pl plen - -,О
26120,,..,..,PUNCT,,,,,,,,,,PUNCT,,,
26121,,окей,ОКЕЙ,ADV,,,"сделать какие-то .. _окей_ , ну ,",й,е,к,о,,,S,ОКЕЙ,S m anim nom sg,Й
26122,,",",",",PUNCT,,,,,,,,,,PUNCT,,,
26123,,ну,НУ,PART,,,".. окей , _ну_ , это диснеевский",у,н,,,,,PART,НУ,PART,У
26124,,",",",",PUNCT,,,,,,,,,,PUNCT,,,
26125,,это,ЭТО,SPRO n - nom sg,,,", ну , _это_ диснеевский сюжет ,",о,т,э,,,,SPRO,ЭТО,S n - nom sg,О
26126,,диснеевский,ДИСНЕЕВСКИЙ,A - nom sg plen m -,,,"ну , это _диснеевский_ сюжет , но",й,и,к,с,в,е,A,ДИСНЕЕВСКИЙ,A - nom sg plen m -,Й
26127,,сюжет,СЮЖЕТ,S m inan nom sg,,,", это диснеевский _сюжет_ , но Аня",т,е,ж,ю,с,,S,СЮЖЕТ,S m inan nom sg,Т
26128,,",",",",PUNCT,,,,,,,,,,PUNCT,,,
26129,,но,НО,CONJ,,,"диснеевский сюжет , _но_ Аня спрашивает :",о,н,,,,,CONJ,НО,CONJ,О
26130,,Аня,АНЯ,S f anim nom sg pers,,,"сюжет , но _Аня_ спрашивает : «",я,н,а,,,,S,АНЯ,S f anim nom sg,Я
26131,,спрашивает,СПРАШИВАТЬ,V ipf praes sg indic - 3p,,,", но Аня _спрашивает_ : « Как бы",т,е,а,в,и,ш,V,СПРАШИВАТЬ,V ipf praes sg indic - 3p,Ь
26132,,:,:,PUNCT,,,,,,,,,,PUNCT,,,
26133,,«,«,PUNCT,,,,,,,,,,PUNCT,,,
26134,,Как бы,Как бы,PART,,,спрашивает : « _Как бы_ вы закончили ?,ы,б, ,к,а,к,PART,Как бы,ADV -,ы
26135,,вы,ВЫ,SPRO pl 2p - nom,,,: « Как бы _вы_ закончили ? »,ы,в,,,,,SPRO,ВЫ,SPRO pl 2p - nom,Ы
26136,,закончили,ЗАКОНЧИТЬ,V pf praet pl indic - -,,,« Как бы вы _закончили_ ? » .,и,л,и,ч,н,о,V,ЗАКОНЧИТЬ,V pf praet pl indic - -,Ь
26137,,?,?,PUNCT,,,,,,,,,,PUNCT,,,
26138,,»,»,PUNCT,,,,,,,,,,PUNCT,,,
26139,,.,.,PUNCT,,,,,,,,,,PUNCT,,,
26140,,,,,,,,,,,,,,,,,
26141,# sent = 1923,,,,,,,,,,,,,,,,
26142,,То есть,То есть,CONJ,,,.   _То есть_ ты же не,ь,т,с,е, ,о,CONJ,То есть,ADV -,ь
26143,,ты,ТЫ,SPRO sg 2p - nom,,,  То есть _ты_ же не дисней,ы,т,,,,,SPRO,ТЫ,SPRO sg 2p - nom,Ы
26144,,же,ЖЕ,PART,,," То есть ты _же_ не дисней ,",е,ж,,,,,PART,ЖЕ,PART,Е
26145,,не,НЕ,PART,,,"То есть ты же _не_ дисней , ты",е,н,,,,,PART,НЕ,PART,Е
26146,,дисней,ДИСНЕЙ,S m anim nom sg,,,"ты же не _дисней_ , ты мо",й,е,н,с,и,д,S,ДИСНЕЙ,S m anim nom sg,Й
26147,,",",",",PUNCT,,,,,,,,,,PUNCT,,,
26148,,ты,ТЫ,SPRO sg 2p - nom,,,"не дисней , _ты_ мо .. ты",ы,т,,,,,SPRO,ТЫ,SPRO sg 2p - nom,Ы
26149,,мо,МО,NONLEX,,,"дисней , ты _мо_ .. ты же",о,м,,,,,NONLEX,МО,NONLEX,О
26150,,..,..,PUNCT,,,,,,,,,,PUNCT,,,
26151,,ты,ТЫ,SPRO sg 2p - nom,,,ты мо .. _ты_ же тут в,ы,т,,,,,SPRO,ТЫ,SPRO sg 2p - nom,Ы
26152,,же,ЖЕ,PART,,,мо .. ты _же_ тут в роли,е,ж,,,,,PART,ЖЕ,PART,Е
26153,,тут,ТУТ,ADVPRO,,,.. ты же _тут_ в роли режисера,т,у,т,,,,ADV,ТУТ,ADV -,Т
26154,,в,В,PR,,,ты же тут _в_ роли режисера .,в,,,,,,PR,В,PR,В
26155,,роли,РОЛЬ,S f inan loc sg,,,же тут в _роли_ режисера . ,и,л,о,р,,,S,РОЛЬ,S f inan loc sg,Ь
26156,,режисера,РЕЖИСЕР,S m anim gen sg,,,тут в роли _режисера_ .  ,а,р,е,с,и,ж,S,РЕЖИСЕР,S m inan gen sg,Р
26157,,.,.,PUNCT,,,,,,,,,,PUNCT,,,
26158,,,,,,,,,,,,,,,,,
26159,# sent = 1924,,,,,,,,,,,,,,,,
26160,,И,И,CONJ,,,.   _И_ они могли бы,и,,,,,,CONJ,И,CONJ,И
26161,,они,ОНИ,SPRO pl - - nom,,,  И _они_ могли бы сказать,и,н,о,,,,SPRO,ОНИ,SPRO pl - - nom,И
26162,,могли,МОЧЬ,V ipf praet pl indic - -,,, И они _могли_ бы сказать :,и,л,г,о,м,,V,МОЧЬ,V ipf praet pl indic - -,Ь
26163,,бы,БЫ,PART,,,И они могли _бы_ сказать : «,ы,б,,,,,PART,БЫ,PART,Ы
26164,,сказать,СКАЗАТЬ,V pf - - inf - -,,,они могли бы _сказать_ : « Вот,ь,т,а,з,а,к,V,СКАЗАТЬ,V pf - - inf - -,Ь
26165,,:,:,PUNCT,,,,,,,,,,PUNCT,,,
26166,,«,«,PUNCT,,,,,,,,,,PUNCT,,,
26167,,Вот,ВОТ,PART,,,"сказать : « _Вот_ , они стали",т,о,в,,,,PART,ВОТ,PART,Т
26168,,",",",",PUNCT,,,,,,,,,,PUNCT,,,
26169,,они,ОНИ,SPRO pl - - nom,,,"« Вот , _они_ стали королем и",и,н,о,,,,SPRO,ОНИ,SPRO pl - - nom,И
26170,,стали,СТАТЬ,V pl pf intr indec praet,,,"Вот , они _стали_ королем и королевой",и,л,а,т,с,,S,СТАЛЬ,S f inan loc sg,Ь
26171,,королем,КОРОЛЬ,S m anim ins sg,,,", они стали _королем_ и королевой »",м,е,л,о,р,о,S,КОРОЛЬ,S m anim ins sg,Ь
26172,,и,И,CONJ,,,они стали королем _и_ королевой » и,и,,,,,,CONJ,И,CONJ,И
26173,,королевой,КОРОЛЕВА,S f anim ins sg,,,стали королем и _королевой_ » и там,й,о,в,е,л,о,S,КОРОЛЕВА,S f anim ins sg,А
26174,,»,»,PUNCT,,,,,,,,,,PUNCT,,,
26175,,и,И,CONJ,,,"и королевой » _и_ там , не",и,,,,,,CONJ,И,CONJ,И
26176,,там,ТАМ,ADV -,,,"королевой » и _там_ , не знаю",м,а,т,,,,ADV,ТАМ,ADV -,М
26177,,",",",",PUNCT,,,,,,,,,,PUNCT,,,
26178,,не,НЕ,PART,,,"и там , _не_ знаю , возникла",е,н,,,,,PART,НЕ,PART,Е
26179,,знаю,ЗНАТЬ,V ipf praes sg indic - 1p,,,"там , не _знаю_ , возникла республика",ю,а,н,з,,,V,ЗНАТЬ,V ipf praes sg indic - 1p,Ь
26180,,",",",",PUNCT,,,,,,,,,,PUNCT,,,
26181,,возникла,ВОЗНИКНУТЬ,V pf praet sg indic f -,,,"не знаю , _возникла_ республика .. ",а,л,к,и,н,з,V,ВОЗНИКНУТЬ,V pf praet sg indic f -,Ь
26182,,республика,РЕСПУБЛИКА,S f inan nom sg,,,"знаю , возникла _республика_ ..  смеется",а,к,и,л,б,у,S,РЕСПУБЛИКА,S m anim dat sg,А
26183,,..,..,PUNCT,,,,,,,,,,PUNCT,,,
26184,"<span class=""note"">",,,,,,,,,,,,,,,,
26185,<note>,смеется,,,,,,,,,,,,,,,
26186,</span>,,,,,,,,,,,,,,,,
26187,,,,,,,,,,,,,,,,,
26188,# sent = 1925,,,,,,,,,,,,,,,,
26189,# speaker = Ars,,,,,,,,,,,,,,,,
26190,# sent = 1926,,,,,,,,,,,,,,,,
26191,,Республика,РЕСПУБЛИКА,S f inan nom sg,,,   _Республика_ ?  ,а,к,и,л,б,у,S,РЕСПУБЛИКА,S f inan nom sg,А
26192,,?,?,PUNCT,,,,,,,,,,PUNCT,,,
26193,,,,,,,,,,,,,,,,,
26194,# sent = 1927,,,,,,,,,,,,,,,,
26195,# speaker = Tody,,,,,,,,,,,,,,,,
26196,# sent = 1928,,,,,,,,,,,,,,,,
26197,,..,..,PUNCT,,,,,,,,,,PUNCT,,,
26198,,демократия,ДЕМОКРАТИЯ,S f inan nom sg,,,"  .. _демократия_ , провели бы",я,и,т,а,р,к,S,ДЕМОКРАТИЯ,S f inan nom sg,Я
26199,,",",",",PUNCT,,,,,,,,,,PUNCT,,,
26200,,провели,ПРОВЕСТИ,V pf praet pl indic - -,,,".. демократия , _провели_ бы выборы ",и,л,е,в,о,р,V,ПРОВЕСТИ,V pf praet pl indic - -,И
26201,,бы,БЫ,PART,,,"демократия , провели _бы_ выборы  ",ы,б,,,,,PART,БЫ,PART,Ы
26202,,выборы,ВЫБОРЫ,S - inan nom pl,,,", провели бы _выборы_   ",ы,р,о,б,ы,в,S,ВЫБОРЫ,S - inan nom pl,Ы
26203,,,,,,,,,,,,,,,,,
26204,# sent = 1929,,,,,,,,,,,,,,,,
26205,# speaker = Ars,,,,,,,,,,,,,,,,
26206,# sent = 1930,,,,,,,,,,,,,,,,
26207,,Подожди,ПОДОЖДАТЬ,V pf - sg imper - 2p,,,"   _Подожди_ , как они",и,д,ж,о,д,о,V,ПОДОЖДАТЬ,V pf - sg imper - 2p,Ь
26208,,",",",",PUNCT,,,,,,,,,,PUNCT,,,
26209,,как,КАК,CONJ,,," Подожди , _как_ они стали бы",к,а,к,,,,CONJ,КАК,CONJ,К
26210,,они,ОНИ,SPRO pl - - nom,,,"Подожди , как _они_ стали бы королем",и,н,о,,,,SPRO,ОНИ,SPRO pl - - nom,И
26211,,стали,СТАЛЬ,S f inan loc sg,,,", как они _стали_ бы королем и",и,л,а,т,с,,S,СТАЛЬ,S f inan loc sg,Ь
26212,,бы,БЫ,PART,,,как они стали _бы_ королем и королевой,ы,б,,,,,PART,БЫ,PART,Ы
26213,,королем,КОРОЛЬ,S m anim ins sg,,,они стали бы _королем_ и королевой не,м,е,л,о,р,о,S,КОРОЛЬ,S m anim ins sg,Ь
26214,,и,И,CONJ,,,стали бы королем _и_ королевой не женившись,и,,,,,,CONJ,И,CONJ,И
26215,,королевой,КОРОЛЕВА,S f anim ins sg,,,бы королем и _королевой_ не женившись ?,й,о,в,е,л,о,S,КОРОЛЕВА,S f anim ins sg,А
26216,,не,НЕ,PART,,,королем и королевой _не_ женившись ? ,е,н,,,,,PART,НЕ,PART,Е
26217,,женившись,ЖЕНИТЬСЯ,V pf praet - ger - -,,,и королевой не _женившись_ ?  ,ь,с,и,ш,в,и,V,ЖЕНИТЬСЯ,V pf praet - ger - -,Я
26218,,?,?,PUNCT,,,,,,,,,,PUNCT,,,
26219,,,,,,,,,,,,,,,,,
26220,# sent = 1931,,,,,,,,,,,,,,,,
26221,# speaker = Tody,,,,,,,,,,,,,,,,
26222,# sent = 1932,,,,,,,,,,,,,,,,
26223,,Ну,НУ,PART,,,"   _Ну_ , поженились ,",у,н,,,,,PART,НУ,PART,У
26224,,",",",",PUNCT,,,,,,,,,,PUNCT,,,
26225,,поженились,ПОЖЕНИТЬСЯ,V pf praet pl indic - -,,," Ну , _поженились_ , но не",ь,с,и,л,и,н,V,ПОЖЕНИТЬСЯ,V pf praet pl indic - -,Я
26226,,",",",",PUNCT,,,,,,,,,,PUNCT,,,
26227,,но,НО,CONJ,,,", поженились , _но_ не на этом",о,н,,,,,CONJ,НО,CONJ,О
26228,,не,НЕ,PART,,,"поженились , но _не_ на этом заканчивать",е,н,,,,,PART,НЕ,PART,Е
26229,,на,НА,PR,,,", но не _на_ этом заканчивать .",а,н,,,,,PR,НА,PR,А
26230,,этом,ЭТО,SPRO n - loc sg,,,но не на _этом_ заканчивать . ,м,о,т,э,,,SPRO,ЭТО,S n - loc sg,О
26231,,заканчивать,ЗАКАНЧИВАТЬ,V ipf - - inf - -,,,не на этом _заканчивать_ .  ,ь,т,а,в,и,ч,V,ЗАКАНЧИВАТЬ,V ipf - - inf - -,Ь
26232,,.,.,PUNCT,,,,,,,,,,PUNCT,,,
26233,,,,,,,,,,,,,,,,,
26234,# sent = 1933,,,,,,,,,,,,,,,,
26235,,То есть,То есть,CONJ,,,.   _То есть_ заканчивать на каком-то,ь,т,с,е, ,о,CONJ,То есть,ADV -,ь
26236,,заканчивать,ЗАКАНЧИВАТЬ,V ipf - - inf - -,,,  То есть _заканчивать_ на каком-то ..,ь,т,а,в,и,ч,V,ЗАКАНЧИВАТЬ,V ipf - - inf - -,Ь
26237,,на,НА,PR,,, То есть заканчивать _на_ каком-то .. на,а,н,,,,,PR,НА,PR,А
26238,,каком-то,КАКОЙ-ТО,APRO - loc sg plen m -,,,То есть заканчивать на _каком-то_ .. на каких-то,о,т,-,м,о,к,APRO,КАКОЙ-ТО,A - loc sg plen m -,О
26239,,..,..,PUNCT,,,,,,,,,,PUNCT,,,
26240,,на,НА,PR,,,на каком-то .. _на_ каких-то их делах,а,н,,,,,PR,НА,PR,А
26241,,каких-то,КАКОЙ-ТО,APRO - loc pl plen - -,,,каком-то .. на _каких-то_ их делах .,о,т,-,х,и,к,APRO,КАКОЙ-ТО,A - loc pl plen - -,О
26242,,их,ИХ,APRO,,,.. на каких-то _их_ делах . ,х,и,,,,,APRO,ИХ,A - nonflex - plen - -,Х
26243,,делах,ДЕЛО,S n inan loc pl,,,на каких-то их _делах_ .  ,х,а,л,е,д,,S,ДЕЛО,S n inan loc pl,О
26244,,.,.,PUNCT,,,,,,,,,,PUNCT,,,
26245,,,,,,,,,,,,,,,,,
26246,# sent = 1934,,,,,,,,,,,,,,,,
26247,,То есть,То есть,CONJ,,,.   _То есть_ чтобы женитьба это,ь,т,с,е, ,о,CONJ,То есть,ADV -,ь
26248,,чтобы,ЧТОБЫ,CONJ,,,  То есть _чтобы_ женитьба это не,ы,б,о,т,ч,,CONJ,ЧТОБЫ,CONJ,Ы
26249,,женитьба,ЖЕНИТЬБА,S f inan nom sg,,, То есть чтобы _женитьба_ это не был,а,б,ь,т,и,н,S,ЖЕНИТЬБА,S f inan nom sg,А
26250,,это,ЭТО,SPRO n - nom sg,,,То есть чтобы женитьба _это_ не был такой,о,т,э,,,,SPRO,ЭТО,S n - nom sg,О
26251,,не,НЕ,PART,,,чтобы женитьба это _не_ был такой очевидный,е,н,,,,,PART,НЕ,PART,Е
26252,,был,БЫТЬ,V ipf praet sg indic m -,,,женитьба это не _был_ такой очевидный итог,л,ы,б,,,,V,БЫТЬ,V ipf praet sg indic m -,Ь
26253,,такой,ТАКОЙ,APRO - nom sg plen m -,,,это не был _такой_ очевидный итог .,й,о,к,а,т,,APRO,ТАКОЙ,A - nom sg plen m -,Й
26254,,очевидный,ОЧЕВИДНЫЙ,A - nom sg plen m -,,,не был такой _очевидный_ итог . ,й,ы,н,д,и,в,A,ОЧЕВИДНЫЙ,A - nom sg plen m -,Й
26255,,итог,ИТОГ,S m inan nom sg,,,был такой очевидный _итог_ .  ,г,о,т,и,,,S,ИТОГ,S m inan nom sg,Г
26256,,.,.,PUNCT,,,,,,,,,,PUNCT,,,
26257,,,,,,,,,,,,,,,,,
26258,# sent = 1935,,,,,,,,,,,,,,,,
26259,,То есть,То есть,CONJ,,,.   _То есть_ : « все,ь,т,с,е, ,о,CONJ,То есть,ADV -,ь
26260,,:,:,PUNCT,,,,,,,,,,PUNCT,,,
26261,,«,«,PUNCT,,,,,,,,,,PUNCT,,,
26262,,все,ВСЕ,S - - acc pl,,,То есть : « _все_ это было ради,е,с,в,,,,S,ВСЕ,S - - acc pl,Е
26263,,это,ЭТО,SPRO n - nom sg,,,: « все _это_ было ради того,о,т,э,,,,SPRO,ЭТО,S n - nom sg,О
26264,,было,БЫТЬ,V ipf praet sg indic n -,,,"« все это _было_ ради того ,",о,л,ы,б,,,V,БЫТЬ,V ipf praet sg indic n -,Ь
26265,,ради,РАДИ,PR,,,"все это было _ради_ того , чтобы",и,д,а,р,,,PR,РАДИ,PR,И
26266,,того,ТО,SPRO n - gen sg,,,"это было ради _того_ , чтобы мы",о,г,о,т,,,SPRO,ТО,S n - gen sg,О
26267,,",",",",PUNCT,,,,,,,,,,PUNCT,,,
26268,,чтобы,ЧТОБЫ,CONJ,,,"ради того , _чтобы_ мы поженились ..",ы,б,о,т,ч,,CONJ,ЧТОБЫ,CONJ,Ы
26269,,мы,МЫ,SPRO pl 1p - nom,,,"того , чтобы _мы_ поженились .. »",ы,м,,,,,SPRO,МЫ,SPRO pl 1p - nom,Ы
26270,,поженились,ПОЖЕНИТЬСЯ,V pf praet pl indic - -,,,", чтобы мы _поженились_ .. » ",ь,с,и,л,и,н,V,ПОЖЕНИТЬСЯ,V pf praet pl indic - -,Я
26271,,..,..,PUNCT,,,,,,,,,,PUNCT,,,
26272,,»,»,PUNCT,,,,,,,,,,PUNCT,,,
26273,,,,,,,,,,,,,,,,,
26274,# sent = 1936,,,,,,,,,,,,,,,,
26275,# speaker = Ars,,,,,,,,,,,,,,,,
26276,# sent = 1937,,,,,,,,,,,,,,,,
26277,,Мне,Я,SPRO sg 1p - dat,,,"   _Мне_ кажется , в",е,н,м,,,,SPRO,Я,SPRO sg 1p - dat,Я
26278,,кажется,КАЗАТЬСЯ,V ipf praes sg indic - 3p,,,"  Мне _кажется_ , в этом",я,с,т,е,ж,а,V,КАЗАТЬСЯ,V ipf praes sg indic - 3p,Я
26279,,",",",",PUNCT,,,,,,,,,,PUNCT,,,
26280,,в,В,PR,,,"Мне кажется , _в_ этом есть тоже",в,,,,,,PR,В,PR,В
26281,,этом,ЭТО,SPRO n - loc sg,,,"кажется , в _этом_ есть тоже какой-то",м,о,т,э,,,SPRO,ЭТО,S n - loc sg,О
26282,,есть,БЫТЬ,V ipf praes sg indic - 3p,,,", в этом _есть_ тоже какой-то смысл",ь,т,с,е,,,V,БЫТЬ,V ipf praes sg indic - 3p,Ь
26283,,тоже,ТОЖЕ,PART,,,в этом есть _тоже_ какой-то смысл ..,е,ж,о,т,,,PART,ТОЖЕ,PART,Е
26284,,какой-то,КАКОЙ-ТО,APRO - nom sg plen m inan,,,этом есть тоже _какой-то_ смысл .. ,о,т,-,й,о,к,APRO,КАКОЙ-ТО,A - acc sg plen m inan,О
26285,,смысл,СМЫСЛ,S m inan nom sg,,,есть тоже какой-то _смысл_ ..  смеется,л,с,ы,м,с,,S,СМЫСЛ,S m inan acc sg,Л
26286,,..,..,PUNCT,,,,,,,,,,PUNCT,,,
26287,"<span class=""note"">",,,,,,,,,,,,,,,,
26288,<note>,смеется,,,,,,,,,,,,,,,
26289,</span>,,,,,,,,,,,,,,,,
26290,,,,,,,,,,,,,,,,,
26291,# sent = 1938,,,,,,,,,,,,,,,,
26292,# speaker = Tody,,,,,,,,,,,,,,,,
26293,# sent = 1939,,,,,,,,,,,,,,,,
26294,,Чтоб,ЧТОБ,CONJ,,,   _Чтоб_ закончилась сказка ?,б,о,т,ч,,,CONJ,ЧТОБ,CONJ,Б
26295,,закончилась,ЗАКОНЧИТЬСЯ,V pf praet sg indic f -,,,  Чтоб _закончилась_ сказка ? ,ь,с,а,л,и,ч,V,ЗАКОНЧИТЬСЯ,V pf praet sg indic f -,Я
26296,,сказка,СКАЗКА,S f inan nom sg,,, Чтоб закончилась _сказка_ ?  ,а,к,з,а,к,с,S,СКАЗКА,S f inan nom sg,А
26297,,?,?,PUNCT,,,,,,,,,,PUNCT,,,
26298,,,,,,,,,,,,,,,,,
26299,# sent = 1940,,,,,,,,,,,,,,,,
26300,# speaker = Ars,,,,,,,,,,,,,,,,
26301,# sent = 1941,,,,,,,,,,,,,,,,
26302,,..,..,PUNCT,,,,,,,,,,PUNCT,,,
26303,,что,ЧТО,CONJ,,,  .. _что_ женитьба – это,о,т,ч,,,,CONJ,ЧТО,CONJ,О
26304,,женитьба,ЖЕНИТЬБА,S f inan nom sg,,, .. что _женитьба_ – это итог,а,б,ь,т,и,н,S,ЖЕНИТЬБА,S f inan nom sg,А
26305,,–,–,PUNCT,,,,,,,,,,PUNCT,,,
26306,,это,ЭТО,SPRO n - nom sg,,,что женитьба – _это_ итог . ,о,т,э,,,,SPRO,ЭТО,S n - nom sg,О
26307,,итог,ИТОГ,S m inan nom sg,,,женитьба – это _итог_ .  ,г,о,т,и,,,S,ИТОГ,S m inan nom sg,Г
26308,,.,.,PUNCT,,,,,,,,,,PUNCT,,,
26309,,,,,,,,,,,,,,,,,
26310,# sent = 1942,,,,,,,,,,,,,,,,
26311,# speaker = Tody,,,,,,,,,,,,,,,,
26312,# sent = 1943,,,,,,,,,,,,,,,,
26313,,Ну,НУ,PART,,,   _Ну_ вот это как раз,у,н,,,,,PART,НУ,PART,У
26314,,вот,ВОТ,PART,,,  Ну _вот_ это как раз относиться,т,о,в,,,,PART,ВОТ,PART,Т
26315,,это,ЭТО,SPRO n - nom sg,,, Ну вот _это_ как раз относиться к,о,т,э,,,,SPRO,ЭТО,S n - nom sg,О
26316,,как раз,как раз,ADV -,,,Ну вот это _как раз_ относиться к старым,з,а,р, ,к,а,ADV,как раз,ADV -,з
26317,,относиться,ОТНОСИТЬСЯ,V ipf - - inf - -,,,вот это как раз _относиться_ к старым сказкам,я,с,ь,т,и,с,V,ОТНОСИТЬСЯ,V ipf - - inf - -,Я
26318,,к,К,PR,,,"это как раз относиться _к_ старым сказкам ,",к,,,,,,PR,К,PR,К
26319,,старым,СТАРЫЙ,A - dat pl plen - -,,,"как раз относиться к _старым_ сказкам , типо",м,ы,р,а,т,с,A,СТАРЫЙ,A - dat pl plen - -,Й
26320,,сказкам,СКАЗКА,S f inan dat pl,,,"относиться к старым _сказкам_ , типо ,",м,а,к,з,а,к,S,СКАЗКА,S f inan dat pl,А
26321,,",",",",PUNCT,,,,,,,,,,PUNCT,,,
26322,,типо,ТИПО,PART,,,"старым сказкам , _типо_ , ночь ,",о,п,и,т,,,PART,ТИПО,PART,О
26323,,",",",",PUNCT,,,,,,,,,,PUNCT,,,
26324,,ночь,НОЧЬ,S f inan nom sg,,,", типо , _ночь_ , все ,",ь,ч,о,н,,,S,НОЧЬ,S f inan nom sg,Ь
26325,,",",",",PUNCT,,,,,,,,,,PUNCT,,,
26326,,все,ВСЕ,SPRO- - nom pl,,,", ночь , _все_ , конец .",е,с,в,,,,S,ВСЕ,S - - acc pl,Е
26327,,",",",",PUNCT,,,,,,,,,,PUNCT,,,
26328,,конец,КОНЕЦ,S m inan nom sg,,,", все , _конец_ .  ",ц,е,н,о,к,,S,КОНЕЦ,S m inan nom sg,Ц
26329,,.,.,PUNCT,,,,,,,,,,PUNCT,,,
26330,,,,,,,,,,,,,,,,,
26331,# sent = 1944,,,,,,,,,,,,,,,,
26332,# speaker = Ars,,,,,,,,,,,,,,,,
26333,# sent = 1945,,,,,,,,,,,,,,,,
26334,,Ну,НУ,PART,,,   _Ну_ так это же,у,н,,,,,PART,НУ,PART,У
26335,,так,ТАК,ADV -,,,  Ну _так_ это же репрезентация,к,а,т,,,,ADV,ТАК,ADV -,К
26336,,это,ЭТО,SPRO n - nom sg,,," Ну так _это_ же репрезентация ,",о,т,э,,,,SPRO,ЭТО,S n - nom sg,О
26337,,же,ЖЕ,PART,,,"Ну так это _же_ репрезентация , получается",е,ж,,,,,PART,ЖЕ,PART,Е
26338,,репрезентация,РЕПРЕЗЕНТАЦИЯ,S f inan nom sg,,,"так это же _репрезентация_ , получается ..",я,и,ц,а,т,н,S,РЕПРЕЗЕНТАЦИЯ,S f inan nom sg,Я
26339,,",",",",PUNCT,,,,,,,,,,PUNCT,,,
26340,,получается,ПОЛУЧАТЬСЯ,V ipf praes sg indic - 3p,,,"же репрезентация , _получается_ ..  ",я,с,т,е,а,ч,V,ПОЛУЧАТЬСЯ,V ipf praes sg indic - 3p,Я
26341,,..,..,PUNCT,,,,,,,,,,PUNCT,,,
26342,,,,,,,,,,,,,,,,,
26343,# sent = 1946,,,,,,,,,,,,,,,,
26344,# speaker = Tody,,,,,,,,,,,,,,,,
26345,# sent = 1947,,,,,,,,,,,,,,,,
26346,,Нет,НЕТ,PART,,,   _Нет_ ..  ,т,е,н,,,,PART,НЕТ,PART,Т
26347,,..,..,PUNCT,,,,,,,,,,PUNCT,,,
26348,,,,,,,,,,,,,,,,,
26349,# sent = 1948,,,,,,,,,,,,,,,,
26350,# speaker = Ars,,,,,,,,,,,,,,,,
26351,# sent = 1949,,,,,,,,,,,,,,,,
26352,,Что,ЧТО,SPRO n inan nom sg,,,   _Что_ нет ? ,о,т,ч,,,,SPRO,ЧТО,S n - nom sg,О
26353,,нет,НЕТ,PART,,,  Что _нет_ ?  ,т,е,н,,,,PART,НЕТ,PART,Т
26354,,?,?,PUNCT,,,,,,,,,,PUNCT,,,
26355,,,,,,,,,,,,,,,,,
26356,# sent = 1950,,,,,,,,,,,,,,,,
26357,# speaker = Tody,,,,,,,,,,,,,,,,
26358,# sent = 1951,,,,,,,,,,,,,,,,
26359,,Я,Я,SPRO sg 1p - nom,,,   _Я_ не согласна .,я,,,,,,SPRO,Я,SPRO sg 1p - nom,Я
26360,,не,НЕ,PART,,,  Я _не_ согласна . ,е,н,,,,,PART,НЕ,PART,Е
26361,,согласна,СОГЛАСНЫЙ,A - - sg brev f -,,, Я не _согласна_ .  ,а,н,с,а,л,г,A,СОГЛАСНЫЙ,A - - sg brev f -,Й
26362,,.,.,PUNCT,,,,,,,,,,PUNCT,,,
26363,,,,,,,,,,,,,,,,,
26364,# sent = 1952,,,,,,,,,,,,,,,,
26365,"<span class=""note"">",,,,,,,,,,,,,,,,
26366,<note>,Говорят одновременно,,,,,,,,,,,,,,,
26367,</span>,,,,,,,,,,,,,,,,
26368,,,,,,,,,,,,,,,,,
26369,# sent = 1953,,,,,,,,,,,,,,,,
26370,# speaker = Ars,,,,,,,,,,,,,,,,
26371,# sent = 1954,,,,,,,,,,,,,,,,
26372,,Ну,НУ,PART,,,"   _Ну_ хорошо тогда ,",у,н,,,,,PART,НУ,PART,У
26373,,хорошо,ХОРОШО,ADV -,,,"  Ну _хорошо_ тогда , скажи",о,ш,о,р,о,х,ADV,ХОРОШО,ADV -,О
26374,,тогда,ТОГДА,ADV -,,," Ну хорошо _тогда_ , скажи ..",а,д,г,о,т,,ADV,ТОГДА,ADV -,А
26375,,",",",",PUNCT,,,,,,,,,,PUNCT,,,
26376,,скажи,СКАЗАТЬ,V pf - sg imper - 2p,,,"хорошо тогда , _скажи_ ..  ",и,ж,а,к,с,,V,СКАЗАТЬ,V pf - sg imper - 2p,Ь
26377,,..,..,PUNCT,,,,,,,,,,PUNCT,,,
26378,,,,,,,,,,,,,,,,,
26379,# sent = 1955,,,,,,,,,,,,,,,,
26380,# speaker = Tody,,,,,,,,,,,,,,,,
26381,# sent = 1956,,,,,,,,,,,,,,,,
26382,,Конец,КОНЕЦ,S m inan nom sg,,,   _Конец_ .  ,ц,е,н,о,к,,S,КОНЕЦ,S m inan nom sg,Ц
26383,,.,.,PUNCT,,,,,,,,,,PUNCT,,,
26384,,,,,,,,,,,,,,,,,
26385,# sent = 1957,,,,,,,,,,,,,,,,
26386,# speaker = Ars,,,,,,,,,,,,,,,,
26387,# sent = 1958,,,,,,,,,,,,,,,,
26388,,.,.,PUNCT,,,,,,,,,,PUNCT,,,
26389,,.,.,PUNCT,,,,,,,,,,PUNCT,,,
26390,,,,,,,,,,,,,,,,,
26391,# sent = 1959,,,,,,,,,,,,,,,,
26392,,.,.,PUNCT,,,,,,,,,,PUNCT,,,
26393,,с,С,PR,,,  . _с_ чем ты не,с,,,,,,PR,С,PR,С
26394,,чем,ЧТО,SPRO n inan ins sg,,, . с _чем_ ты не согласна,м,е,ч,,,,SPRO,ЧТО,S n - ins sg,О
26395,,ты,ТЫ,SPRO sg 2p - nom,,,. с чем _ты_ не согласна ..,ы,т,,,,,SPRO,ТЫ,SPRO sg 2p - nom,Ы
26396,,не,НЕ,PART,,,с чем ты _не_ согласна .. ,е,н,,,,,PART,НЕ,PART,Е
26397,,согласна,СОГЛАСНЫЙ,A - - sg brev f -,,,чем ты не _согласна_ ..  ,а,н,с,а,л,г,A,СОГЛАСНЫЙ,A - - sg brev f -,Й
26398,,..,..,PUNCT,,,,,,,,,,PUNCT,,,
26399,,,,,,,,,,,,,,,,,
26400,# sent = 1960,,,,,,,,,,,,,,,,
26401,# speaker = Tody,,,,,,,,,,,,,,,,
26402,# sent = 1961,,,,,,,,,,,,,,,,
26403,,Конец,КОНЕЦ,S m inan nom sg,,,   _Конец_ видео . ,ц,е,н,о,к,,S,КОНЕЦ,S m inan nom sg,Ц
26404,,видео,ВИДЕО,S n inan gen sg,,,  Конец _видео_ .  ,о,е,д,и,в,,S,ВИДЕО,S n inan nonflex -,О
26405,,.,.,PUNCT,,,,,,,,,,PUNCT,,,
26406,,,,,,,,,,,,,,,,,